1 , 16427 , 9405 , 18288
1 , 29593 , 2392 , 29819
1 , 3644 , 2458 , 3888
1 , 3661 , 2548 , 3898
1 , 3682 , 2548 , 3924
1 , 3700 , 2506 , 3948
1 , 3703 , 2533 , 3953
1 , 3712 , 2516 , 3932
1 , 3715 , 2496 , 3956
1 , 3719 , 2531 , 3958
1 , 3719 , 2560 , 3998
1 , 3721 , 2621 , 4014
1 , 3725 , 2553 , 3953
1 , 3728 , 2572 , 4025
1 , 3730 , 2585 , 3967
1 , 3731 , 2573 , 3964
1 , 3733 , 2491 , 3981
1 , 3739 , 2510 , 3967
1 , 3743 , 2629 , 3972
1 , 3755 , 2575 , 3983
1 , 3759 , 2587 , 4001
1 , 3759 , 2611 , 3992
1 , 3763 , 2557 , 4014
1 , 3763 , 2627 , 3993
1 , 3764 , 2602 , 4002
1 , 3767 , 2609 , 3992
1 , 3767 , 2643 , 4000
1 , 3771 , 2591 , 4018
1 , 3775 , 2624 , 4009
1 , 3779 , 2586 , 4058
1 , 3779 , 2646 , 4011
1 , 3780 , 2536 , 4062
1 , 3780 , 2615 , 4020
1 , 3783 , 2641 , 4023
1 , 3784 , 2582 , 4009
1 , 3786 , 2629 , 4009
1 , 3787 , 2612 , 4050
1 , 3789 , 2652 , 4012
1 , 3790 , 2636 , 4011
1 , 3791 , 2559 , 4051
1 , 3791 , 2563 , 4029
1 , 3792 , 2622 , 4033
1 , 3793 , 2589 , 4028
1 , 3797 , 2624 , 4036
1 , 3799 , 2632 , 4079
1 , 3800 , 2636 , 4039
1 , 3802 , 2574 , 4042
1 , 3804 , 2564 , 4034
1 , 3805 , 2621 , 4066
1 , 3808 , 2606 , 4110
1 , 3808 , 2670 , 4034
1 , 3810 , 2631 , 4060
1 , 3812 , 2618 , 4034
1 , 3813 , 2641 , 4051
1 , 3813 , 2663 , 4064
1 , 3814 , 2640 , 4040
1 , 3815 , 2623 , 4040
1 , 3815 , 2643 , 4042
1 , 3816 , 2602 , 4044
1 , 3816 , 2632 , 4061
1 , 3817 , 2597 , 4047
1 , 3818 , 2627 , 4057
1 , 3819 , 2605 , 4052
1 , 3819 , 2638 , 4095
1 , 3820 , 2596 , 4055
1 , 3820 , 2597 , 4051
1 , 3822 , 2640 , 4059
1 , 3822 , 2655 , 4046
1 , 3824 , 2635 , 4051
1 , 3824 , 2651 , 4059
1 , 3824 , 2679 , 4045
1 , 3826 , 2615 , 4059
1 , 3826 , 2663 , 4072
1 , 3830 , 2614 , 4108
1 , 3830 , 2659 , 4064
1 , 3831 , 2589 , 4068
1 , 3831 , 2623 , 4064
1 , 3831 , 2642 , 4061
1 , 3832 , 2595 , 4070
1 , 3834 , 2616 , 4099
1 , 3834 , 2663 , 4065
1 , 3834 , 2688 , 4064
1 , 3837 , 2589 , 4075
1 , 3837 , 2657 , 4066
1 , 3838 , 2636 , 4061
1 , 3838 , 2690 , 4074
1 , 3839 , 2666 , 4093
1 , 3839 , 2674 , 4071
1 , 3840 , 2626 , 4079
1 , 3840 , 2655 , 4136
1 , 3840 , 2766 , 4090
1 , 3841 , 2622 , 4069
1 , 3841 , 2635 , 4073
1 , 3842 , 2613 , 4069
1 , 3843 , 2638 , 4082
1 , 3845 , 2562 , 4101
1 , 3846 , 2576 , 4113
1 , 3847 , 2690 , 4084
1 , 3849 , 2664 , 4102
1 , 3850 , 2621 , 4081
1 , 3850 , 2687 , 4096
1 , 3850 , 2753 , 4096
1 , 3852 , 2673 , 4081
1 , 3853 , 2705 , 4098
1 , 3855 , 2577 , 4081
1 , 3857 , 2613 , 4091
1 , 3860 , 2658 , 4101
1 , 3862 , 2661 , 4087
1 , 3864 , 2669 , 4140
1 , 3865 , 2621 , 4146
1 , 3869 , 2729 , 4113
1 , 3870 , 2630 , 4110
1 , 3872 , 2625 , 4110
1 , 3873 , 2586 , 4159
1 , 3873 , 2648 , 4101
1 , 3874 , 2648 , 4134
1 , 3874 , 2700 , 4126
1 , 3875 , 2666 , 4119
1 , 3875 , 2669 , 4115
1 , 3875 , 2680 , 4126
1 , 3876 , 2639 , 4107
1 , 3876 , 2680 , 4188
1 , 3878 , 2649 , 4111
1 , 3878 , 2673 , 4144
1 , 3879 , 2669 , 4139
1 , 3880 , 2606 , 4111
1 , 3880 , 2773 , 4127
1 , 3882 , 2634 , 4125
1 , 3883 , 2625 , 4110
1 , 3884 , 2610 , 4109
1 , 3889 , 2636 , 4120
1 , 3890 , 2604 , 4103
1 , 3890 , 2718 , 4117
1 , 3892 , 2689 , 4145
1 , 3895 , 2654 , 4133
1 , 3896 , 2707 , 4174
1 , 3898 , 2796 , 4145
1 , 3899 , 2669 , 4143
1 , 3901 , 2718 , 4198
1 , 3903 , 2646 , 4158
1 , 3903 , 2722 , 4144
1 , 3904 , 2698 , 4188
1 , 3908 , 2677 , 4131
1 , 3911 , 2640 , 4197
1 , 3912 , 2672 , 4163
1 , 3919 , 2784 , 4164
1 , 3924 , 2717 , 4166
1 , 3930 , 2753 , 4174
1 , 3932 , 2732 , 4161
1 , 3933 , 2643 , 4187
1 , 3934 , 2690 , 4202
1 , 3935 , 2796 , 4177
1 , 3949 , 2640 , 4274
1 , 3952 , 2690 , 4186
1 , 3956 , 2690 , 4278
1 , 3959 , 2687 , 4214
1 , 3961 , 2951 , 4223
1 , 3967 , 2667 , 4191
1 , 3982 , 2650 , 4222
1 , 4011 , 2611 , 4276
1 , 4038 , 2609 , 4293
1 , 4045 , 2928 , 4278
1 , 4062 , 2636 , 4286
1 , 4071 , 2980 , 4329
1 , 4089 , 2671 , 4357
1 , 4097 , 2624 , 4367
1 , 4107 , 2650 , 4379
1 , 4107 , 2676 , 4371
1 , 4113 , 2673 , 4361
1 , 4132 , 2604 , 4362
1 , 4136 , 2595 , 4363
1 , 4156 , 2674 , 4416
1 , 4158 , 2694 , 4411
1 , 4169 , 2701 , 4418
1 , 4177 , 2628 , 4406
1 , 4187 , 2891 , 4520
1 , 4192 , 2649 , 4443
1 , 4214 , 2961 , 4489
1 , 4265 , 2704 , 4509
1 , 4278 , 2658 , 4506
1 , 4278 , 2979 , 4497
1 , 4281 , 2867 , 4554
1 , 4299 , 2603 , 4535
1 , 4344 , 2636 , 4572
1 , 4349 , 2645 , 4571
1 , 4359 , 2687 , 4593
1 , 4379 , 2632 , 4676
1 , 4382 , 3509 , 4735
1 , 4429 , 2722 , 4652
1 , 4440 , 2755 , 4671
1 , 4462 , 2645 , 4706
1 , 4553 , 2658 , 4802
1 , 4638 , 3400 , 4984
1 , 4730 , 2635 , 4990
1 , 4824 , 2832 , 5092
1 , 4888 , 2647 , 5204
1 , 5073 , 3827 , 5304
1 , 5305 , 4099 , 5516
1 , 5687 , 2663 , 5957
1 , 5937 , 4470 , 6252
2 , 12318 , 2217 , 12575
2 , 12577 , 2298 , 12862
2 , 12804 , 2358 , 13088
2 , 17260 , 2688 , 17530
2 , 2465 , 2424 , 2718
2 , 3370 , 2381 , 3639
2 , 3385 , 2242 , 3685
2 , 3389 , 2251 , 3640
2 , 3395 , 2267 , 3680
2 , 3405 , 2282 , 3693
2 , 3417 , 2255 , 3696
2 , 3419 , 2268 , 3701
2 , 3442 , 2303 , 3722
2 , 3464 , 2343 , 3773
2 , 3487 , 2265 , 3781
2 , 3489 , 2324 , 3768
2 , 3489 , 2350 , 3801
2 , 3490 , 2444 , 3773
2 , 3493 , 2377 , 3779
2 , 3509 , 2404 , 3791
2 , 3513 , 2401 , 3784
2 , 3514 , 2426 , 3768
2 , 3525 , 2434 , 3809
2 , 3526 , 2412 , 3802
2 , 3529 , 2476 , 3797
2 , 3529 , 2489 , 3805
2 , 3530 , 2440 , 3805
2 , 3532 , 2456 , 3825
2 , 3533 , 2408 , 3844
2 , 3533 , 2456 , 3822
2 , 3534 , 2410 , 3803
2 , 3535 , 2414 , 3815
2 , 3535 , 2426 , 3807
2 , 3536 , 2423 , 3821
2 , 3539 , 2387 , 3827
2 , 3539 , 2432 , 3806
2 , 3541 , 2407 , 3816
2 , 3541 , 2419 , 3810
2 , 3543 , 2380 , 3815
2 , 3543 , 2435 , 3817
2 , 3544 , 2434 , 3815
2 , 3547 , 2414 , 3804
2 , 3549 , 2413 , 3820
2 , 3550 , 2372 , 3826
2 , 3550 , 2450 , 3825
2 , 3551 , 2412 , 3838
2 , 3552 , 2430 , 3798
2 , 3554 , 2419 , 3825
2 , 3556 , 2400 , 3842
2 , 3558 , 2396 , 3834
2 , 3558 , 2447 , 3831
2 , 3559 , 2400 , 3831
2 , 3559 , 2412 , 3829
2 , 3561 , 2433 , 3834
2 , 3562 , 2339 , 3874
2 , 3563 , 2405 , 3846
2 , 3565 , 2440 , 3834
2 , 3566 , 2379 , 3837
2 , 3566 , 2474 , 3837
2 , 3567 , 2483 , 3840
2 , 3568 , 2447 , 3848
2 , 3570 , 2417 , 3884
2 , 3570 , 2483 , 3843
2 , 3572 , 2436 , 3858
2 , 3572 , 2455 , 3867
2 , 3572 , 2496 , 3844
2 , 3573 , 2412 , 3842
2 , 3573 , 2438 , 3867
2 , 3573 , 2447 , 3840
2 , 3575 , 2449 , 3843
2 , 3576 , 2423 , 3851
2 , 3576 , 2478 , 3858
2 , 3578 , 2431 , 3858
2 , 3578 , 2444 , 3860
2 , 3578 , 2461 , 3838
2 , 3578 , 2524 , 3835
2 , 3579 , 2412 , 3866
2 , 3579 , 2451 , 3854
2 , 3579 , 2453 , 3863
2 , 3581 , 2466 , 3865
2 , 3582 , 2464 , 3855
2 , 3583 , 2387 , 3862
2 , 3583 , 2452 , 3872
2 , 3583 , 2464 , 3862
2 , 3583 , 2519 , 3867
2 , 3584 , 2475 , 3855
2 , 3585 , 2400 , 3835
2 , 3585 , 2429 , 3828
2 , 3586 , 2420 , 3859
2 , 3587 , 2435 , 3873
2 , 3587 , 2436 , 3832
2 , 3588 , 2434 , 3861
2 , 3588 , 2436 , 3864
2 , 3588 , 2444 , 3875
2 , 3588 , 2500 , 3862
2 , 3590 , 2411 , 3863
2 , 3590 , 2411 , 3872
2 , 3590 , 2422 , 3874
2 , 3590 , 2460 , 3860
2 , 3592 , 2422 , 3873
2 , 3593 , 2447 , 3883
2 , 3593 , 2494 , 3889
2 , 3596 , 2443 , 3881
2 , 3596 , 2475 , 3864
2 , 3596 , 2513 , 3883
2 , 3597 , 2445 , 3882
2 , 3598 , 2557 , 3872
2 , 3599 , 2442 , 3877
2 , 3599 , 2504 , 3868
2 , 3599 , 2563 , 3876
2 , 3600 , 2354 , 3893
2 , 3600 , 2433 , 3883
2 , 3601 , 2437 , 3892
2 , 3601 , 2448 , 3886
2 , 3602 , 2414 , 3884
2 , 3602 , 2426 , 3871
2 , 3603 , 2453 , 3899
2 , 3603 , 2462 , 3876
2 , 3603 , 2468 , 3875
2 , 3604 , 2444 , 3886
2 , 3604 , 2478 , 3871
2 , 3605 , 2432 , 3888
2 , 3605 , 2456 , 3874
2 , 3606 , 2408 , 3858
2 , 3606 , 2424 , 3889
2 , 3607 , 2430 , 3877
2 , 3607 , 2539 , 3882
2 , 3608 , 2431 , 3889
2 , 3608 , 2467 , 3865
2 , 3608 , 2471 , 3919
2 , 3610 , 2441 , 3888
2 , 3611 , 2437 , 3883
2 , 3612 , 2462 , 3896
2 , 3612 , 2501 , 3879
2 , 3612 , 2549 , 3886
2 , 3612 , 2591 , 3858
2 , 3613 , 2466 , 3865
2 , 3613 , 2587 , 3871
2 , 3614 , 2407 , 3910
2 , 3614 , 2441 , 3885
2 , 3614 , 2472 , 3901
2 , 3615 , 2556 , 3884
2 , 3616 , 2478 , 3885
2 , 3616 , 2479 , 3893
2 , 3616 , 2560 , 3876
2 , 3617 , 2459 , 3900
2 , 3618 , 2498 , 3893
2 , 3619 , 2452 , 3890
2 , 3620 , 2489 , 3907
2 , 3621 , 2468 , 3903
2 , 3622 , 2612 , 3904
2 , 3623 , 2462 , 3899
2 , 3625 , 2493 , 3913
2 , 3626 , 2458 , 3902
2 , 3626 , 2520 , 3872
2 , 3628 , 2543 , 3914
2 , 3630 , 2418 , 3886
2 , 3631 , 2421 , 3918
2 , 3631 , 2492 , 3906
2 , 3631 , 2565 , 3911
2 , 3635 , 2436 , 3922
2 , 3638 , 2426 , 3925
2 , 3639 , 2477 , 3917
2 , 3642 , 2469 , 3928
2 , 3646 , 2445 , 3919
2 , 3646 , 2472 , 3905
2 , 3646 , 2491 , 3935
2 , 3653 , 2483 , 3926
2 , 3653 , 2525 , 3928
2 , 3657 , 2497 , 3924
2 , 3659 , 2462 , 3930
2 , 3659 , 2508 , 3943
2 , 3659 , 2568 , 3945
2 , 3660 , 2497 , 3934
2 , 3661 , 2578 , 3948
2 , 3664 , 2585 , 3894
2 , 3666 , 2470 , 3934
2 , 3676 , 2570 , 3977
2 , 3679 , 2461 , 3963
2 , 3684 , 2641 , 3964
2 , 3685 , 2660 , 3945
2 , 3701 , 2570 , 3985
2 , 3701 , 2679 , 3984
2 , 3709 , 2611 , 3988
2 , 3729 , 2577 , 4020
2 , 3729 , 2582 , 4008
2 , 3778 , 2573 , 4142
2 , 3789 , 2540 , 4050
2 , 4049 , 2538 , 4323
2 , 4051 , 2538 , 4328
2 , 4065 , 2557 , 4353
2 , 4077 , 2587 , 4364
2 , 4096 , 2498 , 4354
2 , 4101 , 2556 , 4375
2 , 4115 , 2563 , 4376
2 , 4135 , 2621 , 4404
2 , 4154 , 2607 , 4434
2 , 4162 , 2635 , 4437
2 , 4174 , 2595 , 4447
2 , 52753 , 16048 , 53304
4 , 12101 , 2209 , 12358
4 , 12498 , 2309 , 12783
4 , 17204 , 2648 , 17482
4 , 19788 , 2807 , 20077
4 , 3388 , 2277 , 3669
4 , 3393 , 2268 , 3655
4 , 3396 , 2276 , 3635
4 , 3410 , 2293 , 3704
4 , 3424 , 2268 , 3716
4 , 3426 , 2287 , 3701
4 , 3429 , 2282 , 3710
4 , 3429 , 2318 , 3707
4 , 3430 , 2241 , 3711
4 , 3437 , 2302 , 3729
4 , 3443 , 2283 , 3727
4 , 3451 , 2271 , 3732
4 , 3466 , 2325 , 3757
4 , 3476 , 2347 , 3763
4 , 3480 , 2315 , 3762
4 , 3488 , 2376 , 3794
4 , 3499 , 2409 , 3809
4 , 3515 , 2354 , 3795
4 , 3517 , 2397 , 3787
4 , 3518 , 2420 , 3770
4 , 3523 , 2408 , 3789
4 , 3525 , 2424 , 3785
4 , 3530 , 2446 , 3781
4 , 3531 , 2432 , 3802
4 , 3532 , 2444 , 3796
4 , 3536 , 2405 , 3822
4 , 3540 , 2439 , 3825
4 , 3540 , 2447 , 3811
4 , 3543 , 2405 , 3820
4 , 3543 , 2411 , 3816
4 , 3543 , 2493 , 3795
4 , 3544 , 2409 , 3816
4 , 3544 , 2431 , 3826
4 , 3547 , 2371 , 3831
4 , 3547 , 2430 , 3828
4 , 3549 , 2426 , 3817
4 , 3549 , 2498 , 3801
4 , 3550 , 2396 , 3822
4 , 3550 , 2407 , 3820
4 , 3550 , 2426 , 3829
4 , 3551 , 2391 , 3821
4 , 3551 , 2436 , 3828
4 , 3551 , 2445 , 3807
4 , 3552 , 2441 , 3810
4 , 3555 , 2487 , 3822
4 , 3557 , 2405 , 3842
4 , 3557 , 2480 , 3821
4 , 3560 , 2428 , 3829
4 , 3561 , 2424 , 3831
4 , 3562 , 2427 , 3830
4 , 3565 , 2432 , 3836
4 , 3565 , 2452 , 3840
4 , 3565 , 2457 , 3821
4 , 3566 , 2415 , 3862
4 , 3567 , 2440 , 3837
4 , 3570 , 2425 , 3841
4 , 3571 , 2407 , 3841
4 , 3572 , 2460 , 3824
4 , 3572 , 2487 , 3825
4 , 3573 , 2424 , 3842
4 , 3576 , 2414 , 3856
4 , 3576 , 2418 , 3843
4 , 3576 , 2488 , 3833
4 , 3580 , 2423 , 3851
4 , 3580 , 2440 , 3867
4 , 3580 , 2454 , 3847
4 , 3581 , 2461 , 3837
4 , 3581 , 2473 , 3865
4 , 3582 , 2428 , 3861
4 , 3582 , 2454 , 3864
4 , 3582 , 2457 , 3845
4 , 3582 , 2471 , 3869
4 , 3583 , 2462 , 3837
4 , 3584 , 2412 , 3833
4 , 3584 , 2432 , 3838
4 , 3584 , 2434 , 3865
4 , 3584 , 2435 , 3825
4 , 3585 , 2435 , 3869
4 , 3585 , 2480 , 3835
4 , 3586 , 2440 , 3866
4 , 3586 , 2461 , 3850
4 , 3586 , 2463 , 3870
4 , 3586 , 2491 , 3842
4 , 3587 , 2426 , 3854
4 , 3588 , 2488 , 3852
4 , 3589 , 2455 , 3874
4 , 3589 , 2509 , 3874
4 , 3590 , 2433 , 3842
4 , 3590 , 2490 , 3845
4 , 3590 , 2517 , 3839
4 , 3591 , 2415 , 3848
4 , 3591 , 2440 , 3849
4 , 3591 , 2468 , 3821
4 , 3592 , 2456 , 3855
4 , 3592 , 2472 , 3844
4 , 3593 , 2458 , 3844
4 , 3597 , 2470 , 3879
4 , 3597 , 2477 , 3893
4 , 3598 , 2446 , 3878
4 , 3598 , 2472 , 3877
4 , 3600 , 2465 , 3883
4 , 3601 , 2478 , 3865
4 , 3603 , 2457 , 3883
4 , 3604 , 2482 , 3854
4 , 3606 , 2435 , 3877
4 , 3606 , 2443 , 3862
4 , 3606 , 2456 , 3838
4 , 3606 , 2460 , 3831
4 , 3608 , 2427 , 3883
4 , 3609 , 2422 , 3874
4 , 3609 , 2507 , 3891
4 , 3610 , 2435 , 3882
4 , 3610 , 2468 , 3865
4 , 3610 , 2494 , 3863
4 , 3611 , 2453 , 3882
4 , 3612 , 2429 , 3864
4 , 3613 , 2431 , 3895
4 , 3613 , 2433 , 3882
4 , 3616 , 2457 , 3883
4 , 3616 , 2504 , 3883
4 , 3617 , 2444 , 3902
4 , 3618 , 2440 , 3911
4 , 3618 , 2460 , 3890
4 , 3619 , 2475 , 3898
4 , 3619 , 2498 , 3870
4 , 3620 , 2452 , 3888
4 , 3620 , 2463 , 3879
4 , 3620 , 2478 , 3873
4 , 3620 , 2488 , 3879
4 , 3620 , 2494 , 3894
4 , 3620 , 2572 , 3905
4 , 3621 , 2476 , 3885
4 , 3621 , 2486 , 3922
4 , 3623 , 2420 , 3896
4 , 3623 , 2452 , 3883
4 , 3623 , 2457 , 3883
4 , 3623 , 2462 , 3908
4 , 3623 , 2465 , 3907
4 , 3624 , 2451 , 3929
4 , 3624 , 2452 , 3896
4 , 3625 , 2580 , 3892
4 , 3626 , 2446 , 3904
4 , 3627 , 2437 , 3880
4 , 3627 , 2495 , 3894
4 , 3629 , 2473 , 3880
4 , 3629 , 2527 , 3883
4 , 3630 , 2490 , 3883
4 , 3630 , 2500 , 3903
4 , 3630 , 2534 , 3911
4 , 3631 , 2481 , 3895
4 , 3631 , 2485 , 3885
4 , 3632 , 2447 , 3888
4 , 3632 , 2486 , 3948
4 , 3632 , 2487 , 3869
4 , 3632 , 2505 , 3914
4 , 3634 , 2613 , 3887
4 , 3637 , 2562 , 3918
4 , 3638 , 2562 , 3916
4 , 3639 , 2492 , 3898
4 , 3640 , 2495 , 3925
4 , 3642 , 2462 , 3906
4 , 3642 , 2464 , 3924
4 , 3643 , 2455 , 3911
4 , 3644 , 2476 , 3894
4 , 3646 , 2464 , 3928
4 , 3650 , 2497 , 3906
4 , 3651 , 2472 , 3944
4 , 3651 , 2502 , 3905
4 , 3652 , 2476 , 3907
4 , 3656 , 2572 , 3934
4 , 3657 , 2538 , 3908
4 , 3658 , 2502 , 3913
4 , 3659 , 2665 , 3913
4 , 3662 , 2637 , 3916
4 , 3665 , 2489 , 3926
4 , 3665 , 2511 , 3915
4 , 3669 , 2496 , 3948
4 , 3673 , 2473 , 3938
4 , 3673 , 2573 , 3945
4 , 3678 , 2526 , 3930
4 , 3678 , 2533 , 3953
4 , 3679 , 2465 , 3943
4 , 3680 , 2432 , 3963
4 , 3681 , 2596 , 3950
4 , 3690 , 2582 , 3963
4 , 3708 , 2662 , 3971
4 , 3714 , 2572 , 4057
4 , 3941 , 2449 , 4220
4 , 4060 , 2610 , 4328
4 , 4078 , 2610 , 4346
4 , 4119 , 2598 , 4401
4 , 4119 , 2622 , 4393
4 , 4142 , 2626 , 4427
4 , 4150 , 2637 , 4424
4 , 4161 , 2634 , 4432
4 , 78350 , 26397 , 78904
16 , 12139 , 2208 , 12396
16 , 12342 , 2388 , 12612
16 , 12622 , 2293 , 12912
16 , 17614 , 2684 , 17876
16 , 3320 , 2111 , 3569
16 , 3422 , 2243 , 3680
16 , 3428 , 2360 , 3695
16 , 3436 , 2281 , 3706
16 , 3438 , 2335 , 3715
16 , 3442 , 2292 , 3701
16 , 3465 , 2346 , 3729
16 , 3472 , 2308 , 3749
16 , 3507 , 2464 , 3775
16 , 3511 , 2349 , 3776
16 , 3521 , 2339 , 3780
16 , 3524 , 2332 , 3787
16 , 3546 , 2341 , 3834
16 , 3547 , 2446 , 3818
16 , 3554 , 2317 , 3820
16 , 3562 , 2430 , 3833
16 , 3563 , 2375 , 3864
16 , 3569 , 2366 , 3826
16 , 3569 , 2367 , 3808
16 , 3571 , 2438 , 3842
16 , 3572 , 2410 , 3841
16 , 3581 , 2393 , 3836
16 , 3581 , 2501 , 3835
16 , 3584 , 2465 , 3848
16 , 3586 , 2456 , 3848
16 , 3587 , 2465 , 3856
16 , 3595 , 2464 , 3922
16 , 3598 , 2433 , 3866
16 , 3600 , 2462 , 3870
16 , 3601 , 2380 , 3894
16 , 3603 , 2407 , 3853
16 , 3605 , 2363 , 3906
16 , 3610 , 2419 , 3880
16 , 3612 , 2453 , 3878
16 , 3612 , 2462 , 3896
16 , 3612 , 2466 , 3900
16 , 3613 , 2405 , 3931
16 , 3613 , 2464 , 3895
16 , 3615 , 2436 , 3870
16 , 3624 , 2417 , 3880
16 , 3624 , 2430 , 3894
16 , 3626 , 2481 , 3858
16 , 3627 , 2463 , 3882
16 , 3628 , 2388 , 3884
16 , 3628 , 2466 , 3898
16 , 3629 , 2433 , 3856
16 , 3633 , 2496 , 3894
16 , 3634 , 2447 , 3904
16 , 3637 , 2511 , 3907
16 , 3638 , 2384 , 3899
16 , 3639 , 2453 , 3908
16 , 3640 , 2456 , 3895
16 , 3643 , 2466 , 3908
16 , 3644 , 2444 , 3908
16 , 3644 , 2452 , 3904
16 , 3645 , 2515 , 3910
16 , 3646 , 2592 , 3916
16 , 3647 , 2450 , 3906
16 , 3647 , 2514 , 3911
16 , 3648 , 2488 , 3903
16 , 3649 , 2458 , 3916
16 , 3649 , 2482 , 3908
16 , 3650 , 2462 , 3902
16 , 3652 , 2487 , 3906
16 , 3655 , 2490 , 3909
16 , 3655 , 2536 , 3919
16 , 3658 , 2452 , 3903
16 , 3660 , 2460 , 3890
16 , 3660 , 2502 , 3912
16 , 3662 , 2519 , 3927
16 , 3663 , 2520 , 3924
16 , 3665 , 2452 , 3948
16 , 3665 , 2497 , 3929
16 , 3665 , 2515 , 3929
16 , 3666 , 2472 , 3925
16 , 3668 , 2424 , 3928
16 , 3669 , 2482 , 3951
16 , 3669 , 2493 , 3938
16 , 3670 , 2502 , 3923
16 , 3674 , 2513 , 3933
16 , 3676 , 2546 , 3929
16 , 3676 , 2559 , 3930
16 , 3677 , 2501 , 3967
16 , 3680 , 2500 , 3941
16 , 3680 , 2553 , 3952
16 , 3682 , 2479 , 3937
16 , 3684 , 2459 , 3937
16 , 3684 , 2513 , 3955
16 , 3685 , 2486 , 3952
16 , 3685 , 2487 , 3939
16 , 3686 , 2444 , 3954
16 , 3686 , 2497 , 3966
16 , 3689 , 2476 , 3957
16 , 3690 , 2483 , 3975
16 , 3690 , 2516 , 3948
16 , 3692 , 2482 , 3945
16 , 3692 , 2485 , 3958
16 , 3693 , 2472 , 3976
16 , 3694 , 2529 , 3942
16 , 3696 , 2481 , 3975
16 , 3697 , 2537 , 3969
16 , 3698 , 2492 , 3949
16 , 3698 , 2519 , 3952
16 , 3698 , 2527 , 3955
16 , 3699 , 2534 , 3954
16 , 3700 , 2525 , 3967
16 , 3701 , 2536 , 3959
16 , 3703 , 2532 , 3954
16 , 3703 , 2548 , 3955
16 , 3704 , 2558 , 3964
16 , 3705 , 2507 , 3973
16 , 3705 , 2521 , 3975
16 , 3705 , 2562 , 3974
16 , 3709 , 2553 , 3962
16 , 3711 , 2505 , 3971
16 , 3712 , 2497 , 3978
16 , 3713 , 2549 , 3971
16 , 3714 , 2510 , 3987
16 , 3714 , 2524 , 3985
16 , 3714 , 2570 , 3977
16 , 3715 , 2512 , 4002
16 , 3717 , 2548 , 3980
16 , 3718 , 2490 , 3992
16 , 3718 , 2504 , 3991
16 , 3718 , 2555 , 3969
16 , 3719 , 2583 , 3979
16 , 3721 , 2550 , 3984
16 , 3722 , 2563 , 3979
16 , 3722 , 2568 , 3972
16 , 3724 , 2550 , 3989
16 , 3725 , 2541 , 3978
16 , 3729 , 2495 , 4004
16 , 3730 , 2522 , 3989
16 , 3732 , 2488 , 3992
16 , 3732 , 2520 , 3989
16 , 3733 , 2524 , 3995
16 , 3734 , 2510 , 3993
16 , 3735 , 2574 , 4008
16 , 3737 , 2528 , 4000
16 , 3737 , 2553 , 4022
16 , 3739 , 2559 , 4017
16 , 3740 , 2531 , 4001
16 , 3740 , 2535 , 4006
16 , 3741 , 2535 , 3999
16 , 3741 , 2544 , 3960
16 , 3743 , 2672 , 4016
16 , 3746 , 2553 , 3998
16 , 3752 , 2532 , 4008
16 , 3753 , 2551 , 4007
16 , 3753 , 2676 , 4006
16 , 3754 , 2504 , 4018
16 , 3755 , 2516 , 4020
16 , 3755 , 2528 , 4036
16 , 3755 , 2537 , 4008
16 , 3757 , 2502 , 4009
16 , 3758 , 2577 , 4037
16 , 3759 , 2558 , 4033
16 , 3760 , 2533 , 4017
16 , 3762 , 2554 , 4019
16 , 3762 , 2579 , 4042
16 , 3766 , 2745 , 4044
16 , 3767 , 2539 , 4027
16 , 3769 , 2543 , 4056
16 , 3770 , 2565 , 4009
16 , 3771 , 2701 , 4022
16 , 3772 , 2533 , 4020
16 , 3774 , 2518 , 4017
16 , 3778 , 2544 , 4031
16 , 3779 , 2548 , 4033
16 , 3784 , 2732 , 4038
16 , 3785 , 2561 , 4038
16 , 3791 , 2569 , 4044
16 , 3792 , 2651 , 4066
16 , 3793 , 2527 , 4069
16 , 3795 , 2555 , 4051
16 , 3798 , 2482 , 4059
16 , 3806 , 2536 , 4062
16 , 3806 , 2559 , 4055
16 , 3806 , 2597 , 4060
16 , 3811 , 2525 , 4074
16 , 3818 , 2562 , 4083
16 , 3822 , 2592 , 4079
16 , 3822 , 2656 , 4101
16 , 3826 , 2576 , 4080
16 , 3863 , 2740 , 4103
16 , 4118 , 2543 , 4394
16 , 4120 , 2644 , 4385
16 , 4129 , 2609 , 4402
16 , 4136 , 2952 , 4409
16 , 4163 , 2594 , 4431
16 , 4178 , 2636 , 4434
16 , 4202 , 2677 , 4474
16 , 4289 , 2649 , 4569
16 , 4289 , 2669 , 4561
16 , 4289 , 2702 , 4547
16 , 77897 , 26333 , 78463
64 , 12963 , 2328 , 13249
64 , 17463 , 2671 , 17727
64 , 3486 , 2279 , 3749
64 , 3499 , 2352 , 3754
64 , 3519 , 2289 , 3781
64 , 3522 , 2237 , 3788
64 , 3532 , 2293 , 3793
64 , 3533 , 2328 , 3799
64 , 3541 , 2263 , 3785
64 , 3550 , 2414 , 3814
64 , 3551 , 2295 , 3813
64 , 3564 , 2311 , 3827
64 , 3569 , 2255 , 3834
64 , 3569 , 2305 , 3829
64 , 3576 , 2303 , 3840
64 , 3578 , 2346 , 3813
64 , 3592 , 2339 , 3853
64 , 3597 , 2338 , 3860
64 , 3606 , 2371 , 3873
64 , 3614 , 2311 , 3879
64 , 3619 , 2485 , 3887
64 , 3623 , 2328 , 3873
64 , 3627 , 2307 , 3889
64 , 3627 , 2377 , 3893
64 , 3633 , 2419 , 3908
64 , 3637 , 2308 , 3903
64 , 3638 , 2355 , 3934
64 , 3639 , 2358 , 3937
64 , 3640 , 2429 , 3911
64 , 3642 , 2396 , 3909
64 , 3644 , 2528 , 3934
64 , 3650 , 2448 , 3901
64 , 3657 , 2400 , 3920
64 , 3657 , 2489 , 3927
64 , 3658 , 2439 , 3913
64 , 3664 , 2475 , 3934
64 , 3666 , 2422 , 3918
64 , 3667 , 2425 , 3936
64 , 3667 , 2486 , 3917
64 , 3670 , 2412 , 3924
64 , 3670 , 2569 , 3923
64 , 3671 , 2497 , 3944
64 , 3672 , 2434 , 3938
64 , 3676 , 2462 , 3931
64 , 3682 , 2444 , 3969
64 , 3683 , 2456 , 3938
64 , 3683 , 2464 , 3967
64 , 3684 , 2425 , 3949
64 , 3685 , 2463 , 3955
64 , 3685 , 2616 , 3938
64 , 3687 , 2416 , 3956
64 , 3689 , 2503 , 3948
64 , 3692 , 2434 , 3942
64 , 3692 , 2460 , 3950
64 , 3692 , 2479 , 3916
64 , 3699 , 2501 , 3965
64 , 3700 , 2476 , 3955
64 , 3700 , 2481 , 3944
64 , 3701 , 2478 , 3970
64 , 3701 , 2495 , 3955
64 , 3702 , 2462 , 3960
64 , 3702 , 2468 , 3953
64 , 3702 , 2474 , 3971
64 , 3703 , 2522 , 3945
64 , 3704 , 2471 , 3967
64 , 3704 , 2484 , 3968
64 , 3706 , 2443 , 3972
64 , 3706 , 2468 , 3961
64 , 3708 , 2422 , 3974
64 , 3708 , 2460 , 3983
64 , 3711 , 2478 , 3981
64 , 3715 , 2481 , 3981
64 , 3715 , 2490 , 3974
64 , 3716 , 2497 , 3973
64 , 3717 , 2429 , 3986
64 , 3718 , 2503 , 3971
64 , 3719 , 2498 , 3977
64 , 3720 , 2435 , 3978
64 , 3720 , 2468 , 3985
64 , 3721 , 2481 , 3986
64 , 3722 , 2475 , 3987
64 , 3723 , 2476 , 3976
64 , 3724 , 2455 , 3990
64 , 3725 , 2466 , 3994
64 , 3725 , 2489 , 3981
64 , 3726 , 2460 , 3988
64 , 3727 , 2460 , 3981
64 , 3729 , 2463 , 3978
64 , 3729 , 2464 , 3984
64 , 3730 , 2382 , 3996
64 , 3730 , 2451 , 4016
64 , 3730 , 2457 , 3993
64 , 3731 , 2462 , 3999
64 , 3731 , 2478 , 3998
64 , 3732 , 2454 , 3987
64 , 3732 , 2495 , 3956
64 , 3733 , 2466 , 4000
64 , 3733 , 2480 , 3986
64 , 3734 , 2473 , 3986
64 , 3734 , 2501 , 3998
64 , 3735 , 2454 , 3996
64 , 3736 , 2482 , 4020
64 , 3738 , 2409 , 3995
64 , 3738 , 2487 , 3989
64 , 3739 , 2508 , 3994
64 , 3740 , 2483 , 3998
64 , 3742 , 2474 , 4009
64 , 3743 , 2449 , 4008
64 , 3744 , 2459 , 4021
64 , 3745 , 2480 , 4008
64 , 3745 , 2506 , 4016
64 , 3749 , 2434 , 4006
64 , 3749 , 2453 , 4001
64 , 3750 , 2455 , 4002
64 , 3750 , 2462 , 4007
64 , 3750 , 2503 , 4017
64 , 3751 , 2495 , 4001
64 , 3751 , 2514 , 4022
64 , 3752 , 2469 , 4004
64 , 3753 , 2637 , 4007
64 , 3754 , 2465 , 4012
64 , 3754 , 2490 , 4016
64 , 3756 , 2496 , 4007
64 , 3756 , 2570 , 4033
64 , 3757 , 2492 , 3988
64 , 3758 , 2488 , 4015
64 , 3758 , 2489 , 4024
64 , 3758 , 2525 , 4015
64 , 3759 , 2513 , 4015
64 , 3760 , 2482 , 4030
64 , 3761 , 2470 , 4017
64 , 3762 , 2454 , 4021
64 , 3762 , 2469 , 4051
64 , 3763 , 2476 , 4020
64 , 3763 , 2580 , 4041
64 , 3765 , 2510 , 4021
64 , 3766 , 2473 , 4029
64 , 3766 , 2485 , 4019
64 , 3766 , 2488 , 4020
64 , 3767 , 2484 , 4037
64 , 3768 , 2469 , 4032
64 , 3768 , 2474 , 4035
64 , 3768 , 2510 , 4017
64 , 3770 , 2492 , 4040
64 , 3771 , 2456 , 4041
64 , 3771 , 2457 , 4028
64 , 3771 , 2485 , 4038
64 , 3771 , 2492 , 4023
64 , 3771 , 2497 , 4037
64 , 3773 , 2535 , 4024
64 , 3773 , 2650 , 4038
64 , 3775 , 2535 , 4054
64 , 3776 , 2478 , 4041
64 , 3777 , 2530 , 4033
64 , 3779 , 2480 , 4036
64 , 3779 , 2491 , 4030
64 , 3781 , 2497 , 4048
64 , 3781 , 2517 , 4041
64 , 3783 , 2452 , 4038
64 , 3786 , 2479 , 4046
64 , 3787 , 2490 , 4038
64 , 3787 , 2517 , 4040
64 , 3788 , 2478 , 4044
64 , 3794 , 2517 , 4048
64 , 3796 , 2528 , 4049
64 , 3798 , 2478 , 4067
64 , 3800 , 2518 , 4017
64 , 3803 , 2499 , 4078
64 , 3803 , 2520 , 4068
64 , 3807 , 2497 , 4059
64 , 3812 , 2478 , 4066
64 , 3814 , 2503 , 4077
64 , 3815 , 2496 , 4084
64 , 3816 , 2461 , 4079
64 , 3818 , 2494 , 4068
64 , 3830 , 2510 , 4111
64 , 3833 , 2630 , 4102
64 , 3836 , 2531 , 4054
64 , 3837 , 2510 , 4094
64 , 3837 , 2640 , 4090
64 , 3843 , 2487 , 4095
64 , 3846 , 2500 , 4099
64 , 3846 , 2545 , 4170
64 , 3861 , 2530 , 4135
64 , 3861 , 2548 , 4113
64 , 3862 , 2544 , 4121
64 , 3889 , 2576 , 4202
64 , 3921 , 2608 , 4193
64 , 4038 , 2435 , 4299
64 , 4089 , 2455 , 4339
64 , 4151 , 2564 , 4418
64 , 4174 , 2578 , 4460
64 , 4186 , 2631 , 4446
64 , 4196 , 2597 , 4450
64 , 4230 , 2565 , 4499
64 , 4303 , 2681 , 4566
64 , 4459 , 2627 , 4718
64 , 4713 , 3013 , 5002
64 , 4852 , 1847 , 5112
64 , 77754 , 26161 , 78316
256 , 13148 , 2329 , 13431
256 , 17854 , 2646 , 18140
256 , 3951 , 2290 , 4219
256 , 3954 , 2321 , 4218
256 , 3974 , 2297 , 4245
256 , 3988 , 2325 , 4245
256 , 3989 , 2297 , 4252
256 , 3989 , 2315 , 4251
256 , 3989 , 2339 , 4251
256 , 3996 , 2295 , 4263
256 , 3998 , 2338 , 4233
256 , 3999 , 2409 , 4253
256 , 4001 , 2296 , 4279
256 , 4006 , 2358 , 4268
256 , 4025 , 2292 , 4304
256 , 4027 , 2500 , 4279
256 , 4032 , 2342 , 4314
256 , 4032 , 3374 , 4309
256 , 4033 , 2295 , 4300
256 , 4042 , 2313 , 4264
256 , 4049 , 2323 , 4313
256 , 4050 , 2364 , 4300
256 , 4064 , 2411 , 4332
256 , 4066 , 2362 , 4331
256 , 4066 , 2491 , 4348
256 , 4067 , 2351 , 4328
256 , 4076 , 2318 , 4337
256 , 4083 , 2485 , 4333
256 , 4085 , 2445 , 4377
256 , 4087 , 2373 , 4388
256 , 4090 , 2438 , 4363
256 , 4092 , 2331 , 4347
256 , 4099 , 2477 , 4383
256 , 4106 , 2445 , 4385
256 , 4109 , 2423 , 4378
256 , 4111 , 2468 , 4381
256 , 4112 , 2389 , 4409
256 , 4114 , 2470 , 4387
256 , 4119 , 2484 , 4373
256 , 4121 , 2402 , 4377
256 , 4130 , 2469 , 4381
256 , 4130 , 2514 , 4396
256 , 4131 , 2474 , 4425
256 , 4132 , 2497 , 4385
256 , 4133 , 2451 , 4415
256 , 4134 , 2627 , 4387
256 , 4136 , 2485 , 4386
256 , 4137 , 2450 , 4411
256 , 4140 , 2486 , 4409
256 , 4140 , 2502 , 4394
256 , 4141 , 2485 , 4411
256 , 4141 , 2493 , 4414
256 , 4143 , 2445 , 4430
256 , 4145 , 2608 , 4427
256 , 4147 , 2450 , 4400
256 , 4148 , 2393 , 4420
256 , 4148 , 2443 , 4416
256 , 4148 , 2460 , 4400
256 , 4149 , 2478 , 4409
256 , 4150 , 2487 , 4404
256 , 4155 , 2471 , 4419
256 , 4158 , 2481 , 4410
256 , 4158 , 2519 , 4408
256 , 4159 , 2490 , 4423
256 , 4160 , 2505 , 4426
256 , 4161 , 2446 , 4466
256 , 4161 , 2458 , 4432
256 , 4161 , 2517 , 4410
256 , 4162 , 2464 , 4447
256 , 4162 , 2504 , 4430
256 , 4163 , 2469 , 4437
256 , 4163 , 2481 , 4437
256 , 4164 , 2458 , 4415
256 , 4165 , 2514 , 4449
256 , 4168 , 2469 , 4425
256 , 4168 , 2492 , 4445
256 , 4169 , 2473 , 4425
256 , 4170 , 2493 , 4425
256 , 4171 , 2437 , 4457
256 , 4171 , 2469 , 4433
256 , 4171 , 2484 , 4436
256 , 4172 , 2490 , 4429
256 , 4172 , 2498 , 4462
256 , 4173 , 2455 , 4488
256 , 4175 , 2519 , 4426
256 , 4177 , 2438 , 4444
256 , 4177 , 2483 , 4423
256 , 4177 , 2523 , 4446
256 , 4178 , 2443 , 4445
256 , 4178 , 2483 , 4429
256 , 4178 , 2516 , 4437
256 , 4178 , 2605 , 4433
256 , 4179 , 2427 , 4453
256 , 4180 , 2502 , 4442
256 , 4180 , 2506 , 4458
256 , 4181 , 2494 , 4434
256 , 4181 , 2496 , 4447
256 , 4182 , 2482 , 4443
256 , 4183 , 2481 , 4439
256 , 4184 , 2474 , 4469
256 , 4186 , 2482 , 4447
256 , 4186 , 2495 , 4437
256 , 4187 , 2448 , 4439
256 , 4187 , 2488 , 4442
256 , 4187 , 2518 , 4454
256 , 4188 , 2496 , 4451
256 , 4188 , 2608 , 4467
256 , 4189 , 2474 , 4447
256 , 4189 , 2478 , 4427
256 , 4191 , 2487 , 4452
256 , 4192 , 2471 , 4458
256 , 4192 , 2519 , 4460
256 , 4193 , 2449 , 4447
256 , 4193 , 2476 , 4459
256 , 4193 , 2478 , 4460
256 , 4193 , 2484 , 4448
256 , 4194 , 2489 , 4445
256 , 4195 , 2452 , 4464
256 , 4196 , 2478 , 4459
256 , 4197 , 2493 , 4479
256 , 4197 , 2502 , 4447
256 , 4199 , 2463 , 4450
256 , 4199 , 2476 , 4464
256 , 4199 , 2480 , 4425
256 , 4200 , 2488 , 4458
256 , 4200 , 2534 , 4453
256 , 4204 , 2540 , 4455
256 , 4205 , 2477 , 4482
256 , 4205 , 2492 , 4477
256 , 4206 , 2492 , 4473
256 , 4206 , 2499 , 4453
256 , 4206 , 2512 , 4458
256 , 4207 , 2490 , 4481
256 , 4207 , 2565 , 4514
256 , 4208 , 2487 , 4472
256 , 4208 , 2492 , 4472
256 , 4209 , 2460 , 4494
256 , 4209 , 2540 , 4479
256 , 4210 , 2516 , 4473
256 , 4211 , 2487 , 4509
256 , 4211 , 2564 , 4483
256 , 4213 , 2468 , 4468
256 , 4213 , 2502 , 4460
256 , 4213 , 2515 , 4465
256 , 4216 , 2465 , 4479
256 , 4216 , 2496 , 4467
256 , 4217 , 2443 , 4479
256 , 4217 , 2462 , 4468
256 , 4217 , 2553 , 4512
256 , 4218 , 2493 , 4511
256 , 4219 , 2526 , 4470
256 , 4220 , 2501 , 4489
256 , 4220 , 2515 , 4482
256 , 4222 , 2463 , 4479
256 , 4222 , 2525 , 4483
256 , 4224 , 2501 , 4489
256 , 4224 , 2504 , 4522
256 , 4226 , 2607 , 4481
256 , 4227 , 2475 , 4493
256 , 4228 , 2510 , 4498
256 , 4229 , 2490 , 4494
256 , 4230 , 2521 , 4499
256 , 4232 , 2551 , 4528
256 , 4233 , 2427 , 4505
256 , 4235 , 2542 , 4493
256 , 4237 , 2548 , 4525
256 , 4238 , 2516 , 4506
256 , 4240 , 2499 , 4504
256 , 4241 , 2575 , 4560
256 , 4245 , 2490 , 4499
256 , 4248 , 2513 , 4500
256 , 4252 , 2502 , 4549
256 , 4254 , 2496 , 4526
256 , 4256 , 2539 , 4540
256 , 4257 , 2545 , 4510
256 , 4258 , 2502 , 4543
256 , 4259 , 2569 , 4578
256 , 4260 , 2495 , 4511
256 , 4260 , 2526 , 4516
256 , 4260 , 2574 , 4511
256 , 4260 , 2590 , 4513
256 , 4262 , 2546 , 4522
256 , 4264 , 2531 , 4530
256 , 4264 , 2534 , 4518
256 , 4268 , 2499 , 4548
256 , 4276 , 2511 , 4529
256 , 4277 , 2506 , 4527
256 , 4285 , 2548 , 4559
256 , 4288 , 2557 , 4556
256 , 4292 , 2625 , 4600
256 , 4299 , 2536 , 4550
256 , 4313 , 2716 , 4619
256 , 4336 , 2555 , 4603
256 , 4637 , 2571 , 4909
256 , 4712 , 2619 , 4976
256 , 4726 , 2634 , 4992
256 , 4731 , 2754 , 5029
256 , 4762 , 2372 , 5049
256 , 5469 , 3813 , 5734
256 , 78350 , 26248 , 78915
1024 , 15185 , 2517 , 15457
1024 , 15861 , 12330 , 16130
1024 , 19676 , 2591 , 19926
1024 , 5907 , 2451 , 6184
1024 , 5911 , 2425 , 6188
1024 , 5918 , 2618 , 6174
1024 , 5924 , 2455 , 6207
1024 , 5943 , 2476 , 6201
1024 , 5947 , 2485 , 6207
1024 , 5949 , 2471 , 6174
1024 , 5953 , 2438 , 6220
1024 , 5953 , 2462 , 6219
1024 , 5954 , 2462 , 6201
1024 , 5955 , 2459 , 6219
1024 , 5955 , 2475 , 6231
1024 , 5956 , 2474 , 6210
1024 , 5958 , 2458 , 6223
1024 , 5961 , 2525 , 6236
1024 , 5964 , 2478 , 6229
1024 , 5968 , 2511 , 6216
1024 , 5972 , 2460 , 6223
1024 , 5975 , 2435 , 6240
1024 , 5981 , 2474 , 6247
1024 , 5982 , 2404 , 6262
1024 , 5984 , 2511 , 6245
1024 , 5986 , 2474 , 6252
1024 , 5987 , 2482 , 6245
1024 , 5991 , 2476 , 6253
1024 , 5992 , 2464 , 6255
1024 , 6002 , 2510 , 6263
1024 , 6012 , 2494 , 6272
1024 , 6020 , 2553 , 6297
1024 , 6025 , 2540 , 6321
1024 , 6032 , 2497 , 6283
1024 , 6035 , 2567 , 6294
1024 , 6041 , 2459 , 6303
1024 , 6044 , 2577 , 6307
1024 , 6047 , 2615 , 6312
1024 , 6054 , 2564 , 6324
1024 , 6054 , 2592 , 6340
1024 , 6056 , 2581 , 6345
1024 , 6059 , 2617 , 6342
1024 , 6061 , 2640 , 6316
1024 , 6062 , 2588 , 6314
1024 , 6063 , 2499 , 6341
1024 , 6063 , 2636 , 6293
1024 , 6071 , 2580 , 6352
1024 , 6073 , 2588 , 6340
1024 , 6073 , 2631 , 6325
1024 , 6080 , 2645 , 6345
1024 , 6084 , 2608 , 6341
1024 , 6084 , 2615 , 6343
1024 , 6087 , 2626 , 6354
1024 , 6091 , 2591 , 6375
1024 , 6092 , 2625 , 6360
1024 , 6093 , 2592 , 6375
1024 , 6093 , 2650 , 6376
1024 , 6094 , 2610 , 6368
1024 , 6094 , 2621 , 6357
1024 , 6096 , 2616 , 6382
1024 , 6097 , 2572 , 6376
1024 , 6097 , 2603 , 6366
1024 , 6097 , 2690 , 6355
1024 , 6100 , 2644 , 6369
1024 , 6103 , 2669 , 6386
1024 , 6105 , 2620 , 6378
1024 , 6105 , 2642 , 6363
1024 , 6107 , 2658 , 6374
1024 , 6108 , 2635 , 6367
1024 , 6109 , 2538 , 6390
1024 , 6110 , 2612 , 6365
1024 , 6111 , 2612 , 6379
1024 , 6111 , 2615 , 6362
1024 , 6113 , 2611 , 6368
1024 , 6113 , 2631 , 6380
1024 , 6113 , 2640 , 6386
1024 , 6115 , 2607 , 6380
1024 , 6115 , 2668 , 6373
1024 , 6117 , 2588 , 6386
1024 , 6117 , 2611 , 6383
1024 , 6117 , 2640 , 6375
1024 , 6118 , 2596 , 6386
1024 , 6119 , 2571 , 6395
1024 , 6119 , 2656 , 6393
1024 , 6121 , 2644 , 6369
1024 , 6122 , 2610 , 6391
1024 , 6122 , 2621 , 6385
1024 , 6122 , 2626 , 6369
1024 , 6122 , 2666 , 6394
1024 , 6124 , 2597 , 6406
1024 , 6124 , 2642 , 6382
1024 , 6125 , 2641 , 6377
1024 , 6128 , 2630 , 6394
1024 , 6128 , 2665 , 6383
1024 , 6129 , 2658 , 6398
1024 , 6130 , 2605 , 6398
1024 , 6130 , 2639 , 6395
1024 , 6130 , 2641 , 6403
1024 , 6130 , 2652 , 6451
1024 , 6132 , 2598 , 6413
1024 , 6132 , 2601 , 6396
1024 , 6132 , 2731 , 6399
1024 , 6133 , 2648 , 6415
1024 , 6135 , 2610 , 6386
1024 , 6135 , 2673 , 6384
1024 , 6137 , 2616 , 6418
1024 , 6137 , 2630 , 6393
1024 , 6138 , 2669 , 6393
1024 , 6139 , 2619 , 6406
1024 , 6140 , 2664 , 6399
1024 , 6142 , 2666 , 6412
1024 , 6143 , 2627 , 6407
1024 , 6143 , 2660 , 6397
1024 , 6143 , 2663 , 6410
1024 , 6144 , 2618 , 6399
1024 , 6144 , 2626 , 6415
1024 , 6144 , 2667 , 6399
1024 , 6144 , 2688 , 6414
1024 , 6145 , 2624 , 6409
1024 , 6145 , 2629 , 6404
1024 , 6145 , 2680 , 6401
1024 , 6146 , 2616 , 6412
1024 , 6146 , 2646 , 6401
1024 , 6146 , 2658 , 6400
1024 , 6146 , 2688 , 6397
1024 , 6150 , 2605 , 6417
1024 , 6152 , 2652 , 6405
1024 , 6154 , 2622 , 6424
1024 , 6154 , 2653 , 6407
1024 , 6155 , 2664 , 6408
1024 , 6157 , 2690 , 6436
1024 , 6159 , 2639 , 6414
1024 , 6159 , 2670 , 6421
1024 , 6160 , 2618 , 6438
1024 , 6160 , 2664 , 6411
1024 , 6160 , 2677 , 6413
1024 , 6161 , 2648 , 6431
1024 , 6162 , 2698 , 6427
1024 , 6163 , 2680 , 6415
1024 , 6165 , 2671 , 6451
1024 , 6165 , 2687 , 6417
1024 , 6165 , 2705 , 6418
1024 , 6169 , 2640 , 6439
1024 , 6169 , 2649 , 6426
1024 , 6171 , 2640 , 6427
1024 , 6171 , 2653 , 6424
1024 , 6171 , 2678 , 6452
1024 , 6172 , 2709 , 6427
1024 , 6174 , 2679 , 6439
1024 , 6174 , 2710 , 6440
1024 , 6176 , 2612 , 6425
1024 , 6176 , 2621 , 6460
1024 , 6176 , 2636 , 6450
1024 , 6176 , 2698 , 6430
1024 , 6177 , 2646 , 6449
1024 , 6177 , 2770 , 6440
1024 , 6180 , 2685 , 6459
1024 , 6183 , 2710 , 6449
1024 , 6184 , 2670 , 6441
1024 , 6185 , 2689 , 6449
1024 , 6189 , 2615 , 6510
1024 , 6189 , 2655 , 6452
1024 , 6189 , 2659 , 6437
1024 , 6189 , 2694 , 6442
1024 , 6190 , 2658 , 6442
1024 , 6190 , 2662 , 6442
1024 , 6191 , 2636 , 6487
1024 , 6191 , 2664 , 6444
1024 , 6191 , 2694 , 6447
1024 , 6193 , 2675 , 6447
1024 , 6195 , 2638 , 6454
1024 , 6197 , 2651 , 6446
1024 , 6201 , 2669 , 6511
1024 , 6201 , 2703 , 6454
1024 , 6201 , 2723 , 6454
1024 , 6202 , 2653 , 6467
1024 , 6204 , 2652 , 6473
1024 , 6205 , 2686 , 6463
1024 , 6208 , 2646 , 6469
1024 , 6208 , 2652 , 6466
1024 , 6208 , 2660 , 6474
1024 , 6208 , 2671 , 6475
1024 , 6209 , 2649 , 6474
1024 , 6210 , 2659 , 6464
1024 , 6213 , 2648 , 6482
1024 , 6214 , 2705 , 6489
1024 , 6216 , 2789 , 6482
1024 , 6217 , 2724 , 6485
1024 , 6232 , 2656 , 6494
1024 , 6232 , 2672 , 6504
1024 , 6234 , 2671 , 6488
1024 , 6235 , 2667 , 6516
1024 , 6238 , 2668 , 6503
1024 , 6242 , 2646 , 6513
1024 , 6277 , 2708 , 6558
1024 , 6506 , 2603 , 6761
1024 , 6696 , 2774 , 6968
1024 , 7200 , 3759 , 7468
1024 , 7735 , 2931 , 7988
1024 , 79607 , 26765 , 80164
4096 , 13288 , 2795 , 13560
4096 , 13321 , 2856 , 13583
4096 , 13374 , 2904 , 13637
4096 , 13389 , 2910 , 13649
4096 , 13392 , 2911 , 13654
4096 , 13429 , 2862 , 13690
4096 , 13431 , 2932 , 13723
4096 , 13432 , 2878 , 13696
4096 , 13438 , 2886 , 13718
4096 , 13444 , 2920 , 13709
4096 , 13446 , 2920 , 13708
4096 , 13454 , 2896 , 13702
4096 , 13456 , 2940 , 13748
4096 , 13464 , 2958 , 13748
4096 , 13467 , 2879 , 13742
4096 , 13467 , 2933 , 13738
4096 , 13474 , 3023 , 13772
4096 , 13478 , 2940 , 13747
4096 , 13484 , 2959 , 13729
4096 , 13492 , 2950 , 13750
4096 , 13493 , 2895 , 13762
4096 , 13496 , 3016 , 13786
4096 , 13500 , 2969 , 13772
4096 , 13500 , 3043 , 13763
4096 , 13500 , 3101 , 13751
4096 , 13506 , 2948 , 13765
4096 , 13514 , 3067 , 13770
4096 , 13520 , 3102 , 13774
4096 , 13520 , 3103 , 13770
4096 , 13523 , 2954 , 13800
4096 , 13526 , 3093 , 13784
4096 , 13527 , 2923 , 13813
4096 , 13527 , 2961 , 13789
4096 , 13529 , 2937 , 13803
4096 , 13529 , 3051 , 13801
4096 , 13530 , 3082 , 13798
4096 , 13531 , 3111 , 13809
4096 , 13532 , 2997 , 13825
4096 , 13536 , 3047 , 13821
4096 , 13536 , 3084 , 13791
4096 , 13537 , 2980 , 13803
4096 , 13537 , 2993 , 13761
4096 , 13537 , 3017 , 13807
4096 , 13539 , 3018 , 13791
4096 , 13541 , 3065 , 13816
4096 , 13548 , 3046 , 13826
4096 , 13548 , 3079 , 13805
4096 , 13549 , 3043 , 13826
4096 , 13551 , 3066 , 13819
4096 , 13554 , 3080 , 13804
4096 , 13555 , 3097 , 13818
4096 , 13556 , 3105 , 13809
4096 , 13559 , 3109 , 13825
4096 , 13560 , 3057 , 13839
4096 , 13561 , 2956 , 13828
4096 , 13566 , 3122 , 13824
4096 , 13571 , 3047 , 13840
4096 , 13571 , 3079 , 13851
4096 , 13574 , 3091 , 13824
4096 , 13574 , 3120 , 13843
4096 , 13574 , 3129 , 13825
4096 , 13575 , 3047 , 13850
4096 , 13575 , 3071 , 13834
4096 , 13575 , 3100 , 13829
4096 , 13575 , 3119 , 13828
4096 , 13577 , 2993 , 13826
4096 , 13577 , 3110 , 13835
4096 , 13580 , 3044 , 13833
4096 , 13581 , 3068 , 13840
4096 , 13581 , 3126 , 13836
4096 , 13583 , 3043 , 13869
4096 , 13586 , 3104 , 13836
4096 , 13587 , 3113 , 13873
4096 , 13589 , 2967 , 13842
4096 , 13590 , 3124 , 13842
4096 , 13591 , 3061 , 13851
4096 , 13593 , 3087 , 13866
4096 , 13594 , 3093 , 13845
4096 , 13595 , 3066 , 13849
4096 , 13595 , 3089 , 13847
4096 , 13598 , 3070 , 13887
4096 , 13598 , 3080 , 13855
4096 , 13599 , 3081 , 13873
4096 , 13599 , 3093 , 13864
4096 , 13602 , 3080 , 13888
4096 , 13603 , 3079 , 13860
4096 , 13605 , 3117 , 13857
4096 , 13606 , 3066 , 13884
4096 , 13608 , 3103 , 13873
4096 , 13609 , 3056 , 13861
4096 , 13609 , 3122 , 13860
4096 , 13610 , 3078 , 13865
4096 , 13610 , 3118 , 13914
4096 , 13612 , 3057 , 13897
4096 , 13612 , 3171 , 13867
4096 , 13614 , 3081 , 13868
4096 , 13616 , 3111 , 13885
4096 , 13616 , 3131 , 13869
4096 , 13617 , 3060 , 13870
4096 , 13617 , 3122 , 13869
4096 , 13618 , 3048 , 13868
4096 , 13618 , 3066 , 13888
4096 , 13619 , 3097 , 13906
4096 , 13620 , 3051 , 13890
4096 , 13621 , 3081 , 13909
4096 , 13622 , 3074 , 13884
4096 , 13622 , 3085 , 13875
4096 , 13623 , 3066 , 13898
4096 , 13624 , 3052 , 13902
4096 , 13624 , 3086 , 13892
4096 , 13625 , 3123 , 13903
4096 , 13626 , 3097 , 13891
4096 , 13632 , 3093 , 13901
4096 , 13633 , 3072 , 13888
4096 , 13634 , 3078 , 13914
4096 , 13635 , 3110 , 13888
4096 , 13637 , 3083 , 13890
4096 , 13638 , 3112 , 13888
4096 , 13642 , 3103 , 13871
4096 , 13645 , 3084 , 13899
4096 , 13645 , 3146 , 13909
4096 , 13646 , 3074 , 13900
4096 , 13646 , 3110 , 13929
4096 , 13647 , 3092 , 13900
4096 , 13648 , 3132 , 13919
4096 , 13650 , 3111 , 13905
4096 , 13651 , 3106 , 13919
4096 , 13652 , 3147 , 13911
4096 , 13652 , 3185 , 13978
4096 , 13653 , 3050 , 13944
4096 , 13654 , 3140 , 13912
4096 , 13654 , 3141 , 13923
4096 , 13655 , 3102 , 13909
4096 , 13655 , 3145 , 13951
4096 , 13658 , 3133 , 13919
4096 , 13660 , 3066 , 13883
4096 , 13664 , 3068 , 13927
4096 , 13664 , 3106 , 13928
4096 , 13664 , 3110 , 13946
4096 , 13668 , 3133 , 13944
4096 , 13668 , 3139 , 13932
4096 , 13669 , 3082 , 13925
4096 , 13670 , 3137 , 13941
4096 , 13670 , 3160 , 13922
4096 , 13672 , 3202 , 13925
4096 , 13677 , 3087 , 13949
4096 , 13680 , 3136 , 13949
4096 , 13681 , 3105 , 13950
4096 , 13682 , 3153 , 13976
4096 , 13683 , 3094 , 13965
4096 , 13689 , 3125 , 13960
4096 , 13691 , 3141 , 13956
4096 , 13694 , 3120 , 13961
4096 , 13696 , 3185 , 14006
4096 , 13697 , 3119 , 13960
4096 , 13700 , 3122 , 13968
4096 , 13702 , 3098 , 13955
4096 , 13702 , 3111 , 13971
4096 , 13702 , 3118 , 13974
4096 , 13703 , 3124 , 13982
4096 , 13705 , 3111 , 13971
4096 , 13705 , 3207 , 14008
4096 , 13713 , 3119 , 13982
4096 , 13714 , 3134 , 13975
4096 , 13716 , 3082 , 13971
4096 , 13716 , 3173 , 13935
4096 , 13717 , 3168 , 13968
4096 , 13721 , 3146 , 13977
4096 , 13724 , 3089 , 14009
4096 , 13725 , 3109 , 13980
4096 , 13731 , 3183 , 14037
4096 , 13734 , 3110 , 14013
4096 , 13734 , 3111 , 14040
4096 , 13734 , 3112 , 14012
4096 , 13736 , 3126 , 14004
4096 , 13742 , 3120 , 14009
4096 , 13742 , 3150 , 13995
4096 , 13747 , 3087 , 14016
4096 , 13751 , 3133 , 14010
4096 , 13754 , 3191 , 14022
4096 , 13755 , 3171 , 14010
4096 , 13757 , 3127 , 14012
4096 , 13760 , 3141 , 14022
4096 , 13763 , 3294 , 14017
4096 , 13771 , 3103 , 14032
4096 , 13771 , 3146 , 14023
4096 , 13777 , 3199 , 14032
4096 , 13781 , 3109 , 14037
4096 , 13825 , 3225 , 14080
4096 , 14126 , 3239 , 14409
4096 , 14127 , 3217 , 14390
4096 , 14169 , 3280 , 14441
4096 , 14206 , 3317 , 14515
4096 , 14880 , 2542 , 15149
4096 , 15175 , 3347 , 15445
4096 , 15491 , 2912 , 15757
4096 , 22217 , 2832 , 22488
4096 , 23325 , 3111 , 23602
4096 , 27097 , 3079 , 27345
4096 , 82187 , 20283 , 82720
16384 , 45132 , 5719 , 45404
16384 , 45163 , 5723 , 45443
16384 , 45225 , 5842 , 45509
16384 , 45231 , 5825 , 45489
16384 , 45236 , 5773 , 45506
16384 , 45244 , 5743 , 45510
16384 , 45245 , 5791 , 45511
16384 , 45254 , 5851 , 45536
16384 , 45255 , 5929 , 45538
16384 , 45256 , 5798 , 45526
16384 , 45264 , 5796 , 45546
16384 , 45267 , 5865 , 45536
16384 , 45269 , 5841 , 45577
16384 , 45272 , 5938 , 45552
16384 , 45291 , 5877 , 45608
16384 , 45296 , 5973 , 45553
16384 , 45300 , 5894 , 45572
16384 , 45302 , 5826 , 45572
16384 , 45302 , 5859 , 45574
16384 , 45308 , 5931 , 45608
16384 , 45309 , 5818 , 45563
16384 , 45311 , 5829 , 45619
16384 , 45314 , 5956 , 45594
16384 , 45320 , 5990 , 45600
16384 , 45321 , 5945 , 45580
16384 , 45324 , 5917 , 45597
16384 , 45327 , 5868 , 45627
16384 , 45327 , 5919 , 45598
16384 , 45330 , 5920 , 45619
16384 , 45332 , 6055 , 45605
16384 , 45333 , 5919 , 45601
16384 , 45334 , 5832 , 45601
16384 , 45337 , 5920 , 45622
16384 , 45340 , 5930 , 45593
16384 , 45342 , 5845 , 45615
16384 , 45345 , 5941 , 45622
16384 , 45346 , 5995 , 45591
16384 , 45348 , 5990 , 45621
16384 , 45349 , 5826 , 45619
16384 , 45352 , 5932 , 45624
16384 , 45353 , 5981 , 45634
16384 , 45356 , 5948 , 45637
16384 , 45356 , 5971 , 45634
16384 , 45357 , 5898 , 45611
16384 , 45362 , 5948 , 45641
16384 , 45364 , 5969 , 45641
16384 , 45367 , 5887 , 45643
16384 , 45367 , 6087 , 45629
16384 , 45369 , 5991 , 45640
16384 , 45371 , 5954 , 45625
16384 , 45373 , 6052 , 45647
16384 , 45374 , 5904 , 45630
16384 , 45374 , 5929 , 45639
16384 , 45374 , 5966 , 45642
16384 , 45374 , 5968 , 45645
16384 , 45375 , 6077 , 45645
16384 , 45375 , 6082 , 45643
16384 , 45376 , 5781 , 45641
16384 , 45376 , 5948 , 45649
16384 , 45378 , 5961 , 45668
16384 , 45387 , 6035 , 45675
16384 , 45388 , 5879 , 45656
16384 , 45390 , 5880 , 45684
16384 , 45391 , 5992 , 45691
16384 , 45392 , 5874 , 45659
16384 , 45392 , 6020 , 45650
16384 , 45393 , 6043 , 45647
16384 , 45394 , 5971 , 45669
16384 , 45394 , 5985 , 45663
16384 , 45394 , 5994 , 45662
16384 , 45394 , 6001 , 45676
16384 , 45394 , 6007 , 45668
16384 , 45395 , 6109 , 45655
16384 , 45399 , 5995 , 45655
16384 , 45403 , 5961 , 45687
16384 , 45405 , 5903 , 45674
16384 , 45405 , 5974 , 45664
16384 , 45408 , 5973 , 45668
16384 , 45409 , 5972 , 45685
16384 , 45411 , 5988 , 45670
16384 , 45414 , 5987 , 45671
16384 , 45415 , 6051 , 45672
16384 , 45415 , 6071 , 45681
16384 , 45417 , 5904 , 45672
16384 , 45422 , 5950 , 45691
16384 , 45423 , 5992 , 45695
16384 , 45424 , 6074 , 45685
16384 , 45425 , 6009 , 45696
16384 , 45425 , 6014 , 45688
16384 , 45425 , 6023 , 45691
16384 , 45428 , 5991 , 45685
16384 , 45428 , 6054 , 45717
16384 , 45430 , 5881 , 45686
16384 , 45435 , 6034 , 45729
16384 , 45439 , 5985 , 45695
16384 , 45444 , 5954 , 45727
16384 , 45444 , 6030 , 45687
16384 , 45449 , 5997 , 45717
16384 , 45455 , 5924 , 45720
16384 , 45456 , 5886 , 45751
16384 , 45456 , 5944 , 45737
16384 , 45456 , 5978 , 45713
16384 , 45456 , 6008 , 45722
16384 , 45457 , 6027 , 45717
16384 , 45457 , 6041 , 45720
16384 , 45457 , 6041 , 45727
16384 , 45457 , 6046 , 45722
16384 , 45458 , 5864 , 45747
16384 , 45458 , 5965 , 45745
16384 , 45458 , 6021 , 45723
16384 , 45460 , 5995 , 45737
16384 , 45460 , 6109 , 45737
16384 , 45463 , 6176 , 45721
16384 , 45467 , 5914 , 45744
16384 , 45470 , 5955 , 45731
16384 , 45472 , 6073 , 45734
16384 , 45472 , 6129 , 45744
16384 , 45472 , 6179 , 45741
16384 , 45473 , 6080 , 45750
16384 , 45473 , 6098 , 45754
16384 , 45474 , 6036 , 45745
16384 , 45474 , 6057 , 45732
16384 , 45476 , 5936 , 45738
16384 , 45481 , 6075 , 45738
16384 , 45482 , 6136 , 45761
16384 , 45483 , 5978 , 45745
16384 , 45483 , 5989 , 45790
16384 , 45483 , 6050 , 45746
16384 , 45485 , 5948 , 45754
16384 , 45489 , 6080 , 45766
16384 , 45493 , 6017 , 45761
16384 , 45495 , 6012 , 45781
16384 , 45496 , 6010 , 45757
16384 , 45499 , 6002 , 45779
16384 , 45505 , 5769 , 45802
16384 , 45506 , 6057 , 45802
16384 , 45507 , 6054 , 45779
16384 , 45515 , 6011 , 45785
16384 , 45515 , 6015 , 45798
16384 , 45515 , 6028 , 45786
16384 , 45515 , 6131 , 45790
16384 , 45516 , 5961 , 45784
16384 , 45516 , 6045 , 45773
16384 , 45519 , 5977 , 45790
16384 , 45519 , 6070 , 45797
16384 , 45522 , 6122 , 45807
16384 , 45524 , 5998 , 45794
16384 , 45524 , 6189 , 45795
16384 , 45526 , 5997 , 45798
16384 , 45526 , 6074 , 45786
16384 , 45528 , 5957 , 45811
16384 , 45530 , 6090 , 45786
16384 , 45537 , 5992 , 45813
16384 , 45542 , 6004 , 45811
16384 , 45544 , 6012 , 45834
16384 , 45547 , 5972 , 45806
16384 , 45549 , 5916 , 45821
16384 , 45553 , 6028 , 45811
16384 , 45553 , 6055 , 45822
16384 , 45559 , 6013 , 45825
16384 , 45562 , 6043 , 45827
16384 , 45565 , 5982 , 45823
16384 , 45572 , 6189 , 45832
16384 , 45573 , 6101 , 45832
16384 , 45576 , 6052 , 45861
16384 , 45584 , 5888 , 45881
16384 , 45584 , 6080 , 45861
16384 , 45585 , 6123 , 45852
16384 , 45587 , 6135 , 45849
16384 , 45606 , 6080 , 45877
16384 , 45616 , 6247 , 45869
16384 , 45623 , 6141 , 45907
16384 , 45635 , 6127 , 45908
16384 , 45639 , 6170 , 45908
16384 , 45642 , 5893 , 45923
16384 , 45651 , 6113 , 45910
16384 , 45683 , 6191 , 45944
16384 , 45688 , 6074 , 45959
16384 , 45692 , 6225 , 45982
16384 , 45706 , 5860 , 45982
16384 , 45712 , 6156 , 45981
16384 , 45720 , 6237 , 45977
16384 , 45787 , 5998 , 46066
16384 , 45789 , 5997 , 46052
16384 , 45804 , 6071 , 46074
16384 , 45804 , 6385 , 46092
16384 , 45905 , 6089 , 46164
16384 , 45936 , 6510 , 46208
16384 , 45970 , 6381 , 46245
16384 , 45988 , 6083 , 46265
16384 , 46820 , 6205 , 47088
16384 , 46945 , 6248 , 47227
16384 , 47150 , 6313 , 47452
16384 , 47173 , 6260 , 47457
16384 , 53551 , 14605 , 53829
16384 , 54381 , 5870 , 54665
16384 , 58035 , 5823 , 58313
16384 , 59555 , 5740 , 59829
16384 , 67577 , 10923 , 67823
16384 , 74845 , 6223 , 75151
65536 , 171474 , 16246 , 171765
65536 , 171558 , 16330 , 171833
65536 , 171559 , 16506 , 171841
65536 , 171582 , 16404 , 171868
65536 , 171585 , 16403 , 171872
65536 , 171603 , 16404 , 171888
65536 , 171631 , 16223 , 171925
65536 , 171633 , 16360 , 171887
65536 , 171634 , 16517 , 171924
65536 , 171636 , 16396 , 171897
65536 , 171638 , 16468 , 171928
65536 , 171642 , 16428 , 171932
65536 , 171644 , 16483 , 171921
65536 , 171658 , 16592 , 171947
65536 , 171659 , 16411 , 171943
65536 , 171659 , 16595 , 171936
65536 , 171660 , 16550 , 171962
65536 , 171665 , 16447 , 171959
65536 , 171671 , 16446 , 171940
65536 , 171680 , 16407 , 171963
65536 , 171694 , 16358 , 171984
65536 , 171695 , 16433 , 171983
65536 , 171695 , 16472 , 171982
65536 , 171696 , 16366 , 171979
65536 , 171707 , 16563 , 171971
65536 , 171709 , 16476 , 171994
65536 , 171713 , 16508 , 171994
65536 , 171714 , 16451 , 172007
65536 , 171715 , 16381 , 171994
65536 , 171717 , 16504 , 171980
65536 , 171721 , 16434 , 172007
65536 , 171734 , 16491 , 171997
65536 , 171735 , 16487 , 172019
65536 , 171740 , 16536 , 172011
65536 , 171741 , 16448 , 172009
65536 , 171742 , 16644 , 172023
65536 , 171755 , 16449 , 172078
65536 , 171774 , 16564 , 172055
65536 , 171778 , 16339 , 172058
65536 , 171779 , 16675 , 172058
65536 , 171785 , 16627 , 172065
65536 , 171789 , 16498 , 172052
65536 , 171802 , 16331 , 172115
65536 , 171806 , 16442 , 172097
65536 , 171806 , 16541 , 172089
65536 , 171820 , 16424 , 172108
65536 , 171826 , 16598 , 172104
65536 , 171827 , 16576 , 172107
65536 , 171828 , 16452 , 172109
65536 , 171835 , 16502 , 172113
65536 , 171836 , 16654 , 172105
65536 , 171843 , 16525 , 172121
65536 , 171846 , 16525 , 172112
65536 , 171847 , 16628 , 172137
65536 , 171852 , 16525 , 172133
65536 , 171854 , 16478 , 172121
65536 , 171855 , 16389 , 172122
65536 , 171856 , 16531 , 172125
65536 , 171856 , 16538 , 172144
65536 , 171863 , 16537 , 172141
65536 , 171865 , 16496 , 172139
65536 , 171866 , 16634 , 172142
65536 , 171881 , 16531 , 172143
65536 , 171883 , 16504 , 172161
65536 , 171891 , 16559 , 172171
65536 , 171891 , 16595 , 172194
65536 , 171896 , 16574 , 172183
65536 , 171897 , 16669 , 172199
65536 , 171901 , 16466 , 172165
65536 , 171904 , 16757 , 172184
65536 , 171910 , 16708 , 172209
65536 , 171929 , 16527 , 172205
65536 , 171936 , 16523 , 172202
65536 , 171938 , 16765 , 172204
65536 , 171941 , 16591 , 172212
65536 , 171945 , 16562 , 172234
65536 , 171946 , 16625 , 172214
65536 , 171948 , 16511 , 172218
65536 , 171950 , 16600 , 172244
65536 , 171953 , 16728 , 172258
65536 , 171955 , 16516 , 172226
65536 , 171955 , 16707 , 172221
65536 , 171957 , 16683 , 172216
65536 , 171961 , 16603 , 172251
65536 , 171961 , 16648 , 172231
65536 , 171963 , 16672 , 172239
65536 , 171971 , 16768 , 172257
65536 , 171975 , 16623 , 172276
65536 , 171978 , 16631 , 172258
65536 , 171987 , 16796 , 172272
65536 , 171988 , 16636 , 172267
65536 , 171988 , 16838 , 172252
65536 , 171989 , 16650 , 172227
65536 , 171991 , 16689 , 172267
65536 , 171997 , 16721 , 172284
65536 , 171998 , 16612 , 172287
65536 , 171998 , 16741 , 172274
65536 , 172011 , 16666 , 172282
65536 , 172020 , 16449 , 172307
65536 , 172024 , 16697 , 172300
65536 , 172029 , 16424 , 172302
65536 , 172045 , 16433 , 172331
65536 , 172047 , 16751 , 172307
65536 , 172048 , 16846 , 172329
65536 , 172050 , 16749 , 172315
65536 , 172056 , 16871 , 172332
65536 , 172067 , 16746 , 172341
65536 , 172083 , 16752 , 172364
65536 , 172088 , 16600 , 172363
65536 , 172088 , 16696 , 172368
65536 , 172092 , 16758 , 172378
65536 , 172098 , 16859 , 172371
65536 , 172099 , 16882 , 172350
65536 , 172118 , 16788 , 172384
65536 , 172122 , 16878 , 172396
65536 , 172144 , 16611 , 172428
65536 , 172160 , 16702 , 172432
65536 , 172162 , 16619 , 172428
65536 , 172165 , 16761 , 172458
65536 , 172165 , 16878 , 172431
65536 , 172172 , 16791 , 172448
65536 , 172173 , 16753 , 172456
65536 , 172173 , 16791 , 172441
65536 , 172177 , 16364 , 172453
65536 , 172178 , 16825 , 172472
65536 , 172193 , 16902 , 172480
65536 , 172195 , 16889 , 172456
65536 , 172208 , 16927 , 172499
65536 , 172215 , 16869 , 172497
65536 , 172233 , 16997 , 172466
65536 , 172235 , 16629 , 172511
65536 , 172248 , 16891 , 172525
65536 , 172249 , 16525 , 172549
65536 , 172267 , 16826 , 172559
65536 , 172267 , 16908 , 172554
65536 , 172268 , 17132 , 172535
65536 , 172275 , 16800 , 172556
65536 , 172278 , 16901 , 172564
65536 , 172290 , 16941 , 172575
65536 , 172307 , 16849 , 172567
65536 , 172309 , 16797 , 172592
65536 , 172316 , 17141 , 172588
65536 , 172324 , 16637 , 172604
65536 , 172326 , 16729 , 172604
65536 , 172334 , 16593 , 172625
65536 , 172340 , 16589 , 172602
65536 , 172361 , 16744 , 172634
65536 , 172364 , 16616 , 172638
65536 , 172365 , 16693 , 172649
65536 , 172373 , 17016 , 172680
65536 , 172376 , 17035 , 172725
65536 , 172392 , 16643 , 172665
65536 , 172454 , 17297 , 172764
65536 , 172457 , 16766 , 172738
65536 , 172477 , 16866 , 172768
65536 , 172497 , 16735 , 172772
65536 , 172559 , 16828 , 172847
65536 , 172565 , 17031 , 172847
65536 , 172570 , 17002 , 172853
65536 , 172593 , 17002 , 172872
65536 , 172664 , 16792 , 172956
65536 , 172689 , 17290 , 172972
65536 , 172707 , 16851 , 172991
65536 , 172828 , 17293 , 173117
65536 , 173161 , 16220 , 173467
65536 , 173328 , 16460 , 173577
65536 , 173371 , 16696 , 173679
65536 , 173380 , 16567 , 173680
65536 , 173389 , 16762 , 173686
65536 , 173407 , 16631 , 173696
65536 , 173444 , 16758 , 173733
65536 , 173452 , 16694 , 173747
65536 , 173485 , 16738 , 173757
65536 , 173488 , 16797 , 173790
65536 , 173555 , 16977 , 173837
65536 , 173621 , 16873 , 173915
65536 , 173643 , 16696 , 173935
65536 , 173654 , 16905 , 173940
65536 , 173668 , 16932 , 173948
65536 , 173709 , 16897 , 174002
65536 , 173764 , 16882 , 174054
65536 , 174098 , 17158 , 174396
65536 , 174157 , 17122 , 174459
65536 , 174160 , 17208 , 174453
65536 , 174427 , 17407 , 174707
65536 , 174484 , 17147 , 174788
65536 , 174569 , 17329 , 174859
65536 , 178805 , 22074 , 179089
65536 , 179918 , 23040 , 180230
65536 , 180181 , 25208 , 180468
65536 , 180223 , 25306 , 180510
65536 , 180787 , 25718 , 181061
65536 , 181028 , 25892 , 181309
65536 , 181106 , 25974 , 181378
65536 , 181454 , 26290 , 181675
65536 , 182037 , 16906 , 182327
65536 , 185523 , 29215 , 185793
65536 , 186288 , 16180 , 186555
65536 , 192388 , 16713 , 192686
65536 , 198667 , 30877 , 198894
262144 , 1206114 , 364476 , 1206541
262144 , 694514 , 66450 , 694753
262144 , 694617 , 66447 , 694893
262144 , 694872 , 66530 , 695126
262144 , 695051 , 67680 , 695299
262144 , 695075 , 66911 , 695343
262144 , 695188 , 67701 , 695439
262144 , 695344 , 67734 , 695590
262144 , 695424 , 67504 , 695676
262144 , 695464 , 67888 , 695723
262144 , 695466 , 67835 , 695718
262144 , 695516 , 67610 , 695760
262144 , 695570 , 67690 , 695805
262144 , 695570 , 67830 , 695811
262144 , 695583 , 67521 , 695846
262144 , 695696 , 67952 , 695930
262144 , 695705 , 67686 , 695971
262144 , 695705 , 67737 , 695965
262144 , 695728 , 68343 , 696009
262144 , 695744 , 67833 , 695983
262144 , 695751 , 67857 , 695991
262144 , 695762 , 67659 , 695993
262144 , 695768 , 67943 , 696019
262144 , 695837 , 67614 , 696114
262144 , 695884 , 66301 , 696125
262144 , 695896 , 68038 , 696152
262144 , 695899 , 67897 , 696166
262144 , 695899 , 68352 , 696133
262144 , 695914 , 67802 , 696144
262144 , 695921 , 68055 , 696171
262144 , 695936 , 68116 , 696169
262144 , 695955 , 66931 , 696188
262144 , 696148 , 68270 , 696389
262144 , 696170 , 68028 , 696437
262144 , 696179 , 68227 , 696423
262144 , 696205 , 68278 , 696450
262144 , 696208 , 67965 , 696445
262144 , 696298 , 68438 , 696539
262144 , 696299 , 68007 , 696540
262144 , 696329 , 68138 , 696571
262144 , 696372 , 67515 , 696618
262144 , 696386 , 67401 , 696634
262144 , 696387 , 67563 , 696617
262144 , 696456 , 67227 , 696692
262144 , 696484 , 67884 , 696734
262144 , 696488 , 67754 , 696734
262144 , 696491 , 67677 , 696733
262144 , 696523 , 67406 , 696773
262144 , 696571 , 68681 , 696799
262144 , 696600 , 68398 , 696842
262144 , 696602 , 68210 , 696850
262144 , 696622 , 68485 , 696858
262144 , 696624 , 67922 , 696877
262144 , 696677 , 67872 , 696910
262144 , 696706 , 67579 , 696954
262144 , 696738 , 66974 , 696974
262144 , 696738 , 68365 , 696971
262144 , 696779 , 67660 , 697023
262144 , 696859 , 68114 , 697096
262144 , 696861 , 67749 , 697103
262144 , 696939 , 67769 , 697177
262144 , 696939 , 67847 , 697202
262144 , 696947 , 67942 , 697215
262144 , 696970 , 67389 , 697209
262144 , 696998 , 67849 , 697251
262144 , 697028 , 68363 , 697287
262144 , 697033 , 67933 , 697273
262144 , 697036 , 67801 , 697290
262144 , 697037 , 68031 , 697269
262144 , 697045 , 68953 , 697277
262144 , 697059 , 67896 , 697273
262144 , 697068 , 68201 , 697296
262144 , 697079 , 68056 , 697322
262144 , 697108 , 68117 , 697344
262144 , 697129 , 68978 , 697374
262144 , 697141 , 67970 , 697391
262144 , 697145 , 67949 , 697397
262144 , 697188 , 67825 , 697414
262144 , 697193 , 68007 , 697439
262144 , 697200 , 68037 , 697453
262144 , 697203 , 67970 , 697436
262144 , 697204 , 67468 , 697454
262144 , 697241 , 68129 , 697484
262144 , 697246 , 68087 , 697495
262144 , 697249 , 68072 , 697497
262144 , 697260 , 67864 , 697504
262144 , 697266 , 67971 , 697508
262144 , 697279 , 68980 , 697521
262144 , 697291 , 67915 , 697533
262144 , 697293 , 69361 , 697571
262144 , 697294 , 67970 , 697540
262144 , 697296 , 68097 , 697524
262144 , 697300 , 68036 , 697546
262144 , 697304 , 68068 , 697550
262144 , 697311 , 68381 , 697548
262144 , 697360 , 67974 , 697598
262144 , 697398 , 68042 , 697632
262144 , 697398 , 69214 , 697680
262144 , 697399 , 68305 , 697636
262144 , 697438 , 67955 , 697661
262144 , 697454 , 69440 , 697706
262144 , 697469 , 67495 , 697707
262144 , 697469 , 68203 , 697712
262144 , 697470 , 67936 , 697718
262144 , 697490 , 67687 , 697755
262144 , 697490 , 68204 , 697719
262144 , 697501 , 68715 , 697759
262144 , 697508 , 67928 , 697749
262144 , 697526 , 68135 , 697770
262144 , 697532 , 68331 , 697766
262144 , 697535 , 68140 , 697777
262144 , 697543 , 68206 , 697767
262144 , 697568 , 68279 , 697811
262144 , 697602 , 67979 , 697850
262144 , 697634 , 68902 , 697856
262144 , 697658 , 68049 , 697897
262144 , 697665 , 70111 , 697915
262144 , 697675 , 69205 , 697919
262144 , 697677 , 68382 , 697910
262144 , 697686 , 68467 , 697931
262144 , 697731 , 68120 , 697970
262144 , 697735 , 67938 , 697968
262144 , 697739 , 68012 , 698006
262144 , 697746 , 68152 , 697984
262144 , 697769 , 69526 , 698003
262144 , 697777 , 68108 , 698004
262144 , 697785 , 69887 , 698038
262144 , 697818 , 68086 , 698045
262144 , 697818 , 68521 , 698062
262144 , 697870 , 69176 , 698101
262144 , 697955 , 68593 , 698189
262144 , 697992 , 68428 , 698234
262144 , 698011 , 68607 , 698245
262144 , 698038 , 68191 , 698274
262144 , 698152 , 68172 , 698394
262144 , 698373 , 70380 , 698621
262144 , 698394 , 68190 , 698644
262144 , 698553 , 67928 , 698812
262144 , 698619 , 67958 , 698878
262144 , 698913 , 69028 , 699156
262144 , 699138 , 69707 , 699348
262144 , 703205 , 75654 , 703465
262144 , 703316 , 75584 , 703564
262144 , 703478 , 75853 , 703741
262144 , 703766 , 75848 , 704014
262144 , 703815 , 75889 , 704102
262144 , 706921 , 76902 , 707158
262144 , 709796 , 82291 , 710044
262144 , 713549 , 66580 , 713795
262144 , 716079 , 89050 , 716324
262144 , 716350 , 68282 , 716580
262144 , 716455 , 68324 , 716734
262144 , 716519 , 68902 , 716758
262144 , 716965 , 67178 , 717209
262144 , 716990 , 68388 , 717241
262144 , 717276 , 68752 , 717518
262144 , 717329 , 68238 , 717576
262144 , 717413 , 68896 , 717663
262144 , 717976 , 68708 , 718243
262144 , 718184 , 68775 , 718438
262144 , 718379 , 89510 , 718841
262144 , 718861 , 91206 , 719100
262144 , 720937 , 68080 , 721173
262144 , 722975 , 95429 , 723219
262144 , 723850 , 65035 , 724074
262144 , 724371 , 64168 , 724607
262144 , 724934 , 66531 , 725174
262144 , 729926 , 102335 , 730154
262144 , 730922 , 103007 , 731168
262144 , 731031 , 102614 , 731270
262144 , 731166 , 68669 , 731413
262144 , 732747 , 102967 , 732989
262144 , 734284 , 109332 , 734548
262144 , 736809 , 68751 , 737030
262144 , 737253 , 88852 , 737502
262144 , 737493 , 88517 , 737734
262144 , 740272 , 115697 , 740481
262144 , 743032 , 117267 , 743278
262144 , 744429 , 116468 , 744671
262144 , 744460 , 117003 , 744712
262144 , 744568 , 98352 , 744831
262144 , 745000 , 116777 , 745233
262144 , 745088 , 116713 , 745320
262144 , 745686 , 120238 , 745916
262144 , 746283 , 117014 , 746511
262144 , 746425 , 116720 , 746699
262144 , 748936 , 121531 , 749157
262144 , 750127 , 102620 , 750362
262144 , 750460 , 102964 , 750678
262144 , 758231 , 64525 , 758459
262144 , 763864 , 117087 , 764103
262144 , 763980 , 117133 , 764218
262144 , 764778 , 117973 , 765001
262144 , 765372 , 116952 , 765609
262144 , 765723 , 118822 , 765954
262144 , 768919 , 121757 , 769148
262144 , 769338 , 121938 , 769570
262144 , 770637 , 145112 , 770864
262144 , 780179 , 155791 , 780635
262144 , 787343 , 65476 , 787569
524288 , 1393118 , 135650 , 1393312
524288 , 1393311 , 136067 , 1393490
524288 , 1393414 , 135687 , 1393603
524288 , 1393573 , 135785 , 1393708
524288 , 1393653 , 135578 , 1393854
524288 , 1393805 , 136312 , 1394013
524288 , 1394037 , 136486 , 1394242
524288 , 1394060 , 136470 , 1394234
524288 , 1394106 , 136596 , 1394313
524288 , 1394221 , 136571 , 1394429
524288 , 1394234 , 135932 , 1394420
524288 , 1394354 , 136331 , 1394558
524288 , 1394470 , 136542 , 1394656
524288 , 1394545 , 136425 , 1394730
524288 , 1394657 , 136176 , 1394836
524288 , 1394702 , 136452 , 1394867
524288 , 1394721 , 136347 , 1394917
524288 , 1394739 , 136178 , 1394930
524288 , 1394761 , 136483 , 1394948
524288 , 1394768 , 136481 , 1394940
524288 , 1394774 , 136064 , 1394897
524288 , 1394783 , 136843 , 1394986
524288 , 1394784 , 136499 , 1394971
524288 , 1394793 , 137477 , 1394975
524288 , 1394821 , 135885 , 1395000
524288 , 1394834 , 136174 , 1395047
524288 , 1394836 , 136406 , 1395009
524288 , 1394847 , 136820 , 1395030
524288 , 1394878 , 136486 , 1395058
524288 , 1394893 , 135940 , 1395064
524288 , 1394933 , 136236 , 1395132
524288 , 1394962 , 136198 , 1395139
524288 , 1394980 , 136258 , 1395154
524288 , 1394998 , 136719 , 1395171
524288 , 1395051 , 136428 , 1395194
524288 , 1395069 , 136051 , 1395240
524288 , 1395091 , 135961 , 1395269
524288 , 1395093 , 136396 , 1395288
524288 , 1395103 , 136349 , 1395266
524288 , 1395107 , 136200 , 1395302
524288 , 1395129 , 135995 , 1395307
524288 , 1395137 , 136339 , 1395326
524288 , 1395194 , 137412 , 1395392
524288 , 1395239 , 136636 , 1395424
524288 , 1395247 , 137735 , 1395416
524288 , 1395260 , 136790 , 1395445
524288 , 1395319 , 136149 , 1395503
524288 , 1395332 , 136670 , 1395522
524288 , 1395337 , 136230 , 1395529
524288 , 1395358 , 136267 , 1395548
524288 , 1395383 , 136740 , 1395589
524288 , 1395454 , 136441 , 1395662
524288 , 1395460 , 136417 , 1395626
524288 , 1395510 , 136026 , 1395693
524288 , 1395528 , 136307 , 1395736
524288 , 1395542 , 136749 , 1395715
524288 , 1395563 , 136726 , 1395764
524288 , 1395563 , 137430 , 1395735
524288 , 1395643 , 137354 , 1395837
524288 , 1395653 , 136569 , 1395844
524288 , 1395677 , 136668 , 1395873
524288 , 1395684 , 136695 , 1395848
524288 , 1395792 , 136173 , 1395950
524288 , 1395818 , 137050 , 1395993
524288 , 1395822 , 136461 , 1396000
524288 , 1395853 , 136834 , 1396036
524288 , 1395862 , 136348 , 1396035
524288 , 1395892 , 136574 , 1396064
524288 , 1395908 , 136359 , 1396088
524288 , 1395927 , 137594 , 1396111
524288 , 1395964 , 135862 , 1396135
524288 , 1396021 , 136478 , 1396199
524288 , 1396032 , 137159 , 1396206
524288 , 1396038 , 137369 , 1396209
524288 , 1396044 , 137068 , 1396221
524288 , 1396112 , 136972 , 1396301
524288 , 1396126 , 137031 , 1396341
524288 , 1396153 , 137024 , 1396352
524288 , 1396156 , 136313 , 1396359
524288 , 1396190 , 136600 , 1396378
524288 , 1396200 , 136686 , 1396378
524288 , 1396225 , 137039 , 1396434
524288 , 1396278 , 136543 , 1396456
524288 , 1396295 , 136453 , 1396472
524288 , 1396364 , 137039 , 1396528
524288 , 1396395 , 136904 , 1396578
524288 , 1396457 , 137427 , 1396638
524288 , 1396479 , 136907 , 1396668
524288 , 1396493 , 136270 , 1396663
524288 , 1396515 , 136537 , 1396673
524288 , 1396684 , 136747 , 1396845
524288 , 1396789 , 136464 , 1396974
524288 , 1396856 , 136460 , 1397049
524288 , 1396877 , 137939 , 1397043
524288 , 1396954 , 137461 , 1397131
524288 , 1397044 , 136496 , 1397219
524288 , 1397068 , 136964 , 1397276
524288 , 1397079 , 137121 , 1397261
524288 , 1397112 , 137388 , 1397276
524288 , 1397117 , 137014 , 1397306
524288 , 1397147 , 136869 , 1397337
524288 , 1397154 , 138915 , 1397331
524288 , 1397163 , 138215 , 1397348
524288 , 1397177 , 137472 , 1397377
524288 , 1397205 , 137371 , 1397383
524288 , 1397240 , 136837 , 1397427
524288 , 1397282 , 136756 , 1397472
524288 , 1397380 , 136913 , 1397578
524288 , 1397392 , 137023 , 1397543
524288 , 1397410 , 137153 , 1397576
524288 , 1397426 , 136409 , 1397601
524288 , 1397430 , 137445 , 1397591
524288 , 1397438 , 136817 , 1397621
524288 , 1397446 , 136553 , 1397633
524288 , 1397505 , 137017 , 1397702
524288 , 1397511 , 136792 , 1397714
524288 , 1397537 , 137908 , 1397727
524288 , 1397574 , 136986 , 1397746
524288 , 1397598 , 138943 , 1397771
524288 , 1397616 , 137835 , 1397778
524288 , 1397617 , 137185 , 1397801
524288 , 1397696 , 137285 , 1397865
524288 , 1397697 , 136314 , 1397884
524288 , 1397960 , 136325 , 1398156
524288 , 1397982 , 137593 , 1398163
524288 , 1397998 , 138551 , 1398178
524288 , 1398171 , 136436 , 1398374
524288 , 1398186 , 138809 , 1398357
524288 , 1398197 , 137085 , 1398367
524288 , 1398394 , 137748 , 1398591
524288 , 1398993 , 138138 , 1399158
524288 , 1401713 , 142282 , 1401905
524288 , 1403433 , 144310 , 1403611
524288 , 1404553 , 145468 , 1404779
524288 , 1406163 , 147546 , 1406346
524288 , 1412611 , 137148 , 1412786
524288 , 1412905 , 135219 , 1413115
524288 , 1413462 , 155701 , 1413676
524288 , 1413628 , 136715 , 1413822
524288 , 1414280 , 136038 , 1414455
524288 , 1414731 , 136185 , 1414890
524288 , 1415326 , 137253 , 1415567
524288 , 1415617 , 137413 , 1415800
524288 , 1415684 , 145924 , 1415880
524288 , 1415685 , 137372 , 1415895
524288 , 1415764 , 137259 , 1415933
524288 , 1418451 , 142084 , 1418641
524288 , 1418850 , 142349 , 1419058
524288 , 1419111 , 141903 , 1419318
524288 , 1419400 , 142874 , 1419598
524288 , 1419633 , 142343 , 1419831
524288 , 1419724 , 142598 , 1419923
524288 , 1419790 , 136961 , 1420004
524288 , 1419931 , 142301 , 1420131
524288 , 1419976 , 142569 , 1420185
524288 , 1420022 , 142583 , 1420225
524288 , 1420825 , 143774 , 1421023
524288 , 1420840 , 143352 , 1421038
524288 , 1421639 , 143142 , 1421833
524288 , 1422915 , 136005 , 1423086
524288 , 1424305 , 145698 , 1424503
524288 , 1430664 , 173094 , 1430886
524288 , 1432183 , 134440 , 1432382
524288 , 1432272 , 155547 , 1432467
524288 , 1432621 , 155328 , 1432820
524288 , 1432772 , 155446 , 1432962
524288 , 1432921 , 136710 , 1433160
524288 , 1432995 , 155841 , 1433203
524288 , 1433200 , 155587 , 1433387
524288 , 1433329 , 155646 , 1433531
524288 , 1433426 , 157597 , 1433631
524288 , 1434827 , 137160 , 1434993
524288 , 1434870 , 175971 , 1435076
524288 , 1434940 , 158157 , 1435135
524288 , 1436074 , 177761 , 1436518
524288 , 1436499 , 178969 , 1436904
524288 , 1437467 , 159276 , 1437680
524288 , 1438817 , 142396 , 1439020
524288 , 1440094 , 183430 , 1440257
524288 , 1441469 , 183993 , 1441678
524288 , 1443553 , 184407 , 1443738
524288 , 1445778 , 168897 , 1445919
524288 , 1446337 , 169494 , 1446517
524288 , 1447485 , 192725 , 1447706
524288 , 1447750 , 169852 , 1447945
524288 , 1453488 , 197239 , 1453666
524288 , 1454283 , 134668 , 1454492
524288 , 1454304 , 140535 , 1454505
524288 , 1456354 , 200167 , 1456523
524288 , 1459431 , 134181 , 1459636
524288 , 1460311 , 137204 , 1460493
524288 , 1466345 , 171049 , 1466524
524288 , 1467918 , 210964 , 1468088
524288 , 1468871 , 210972 , 1469051
524288 , 1481083 , 186726 , 1481238
524288 , 1483885 , 206367 , 1484092
524288 , 1503996 , 211519 , 1504183
524288 , 1512353 , 258244 , 1512792
524288 , 1532750 , 137375 , 1532921
524288 , 1791249 , 429878 , 1791646
